/*******************************************************************************
 * Size: 22 px
 * Bpp: 2
 * Opts: --bpp 2 --size 22 --font /tmp/NotoSansCJKsc.otf -r 0x20-0x7F --symbols 早上好呀今天也是充满能量的一天无聊哦陪我玩会要不要试试调皮表情开心眨眼眩晕哭泣呼吸张望哈欠好奇兴奋生气庆祝思考惊讶迷茫主题菜单随机对话设置扩展WiFi亮度音关于已连接未关闭配网返回确定取消扫描二维码请输入密码成功失败重试小伙伴陪伴机器 --format lvgl -o /home/zzh/.openclaw-autumn/workspace/xiaoBan-Mini/cores3-espidf/main/ui/font_zh_22.c
 ******************************************************************************/

#include "lvgl.h"

#ifndef FONT_ZH_22
#define FONT_ZH_22 1
#endif

#if FONT_ZH_22

/*-----------------
 *    BITMAPS
 *----------------*/

/*Store the image of the glyphs*/
static LV_ATTRIBUTE_LARGE_CONST const uint8_t glyph_bitmap[] = {
    /* U+0020 " " */

    /* U+0021 "!" */
    0x78, 0x3f, 0x61, 0xff, 0xc0, 0x43, 0xfa, 0x44,
    0x76, 0x28, 0x40,

    /* U+0022 "\"" */
    0x3c, 0xb, 0x43, 0xff, 0x96, 0x88, 0x58, 0x64,
    0x3d, 0x40, 0x38,

    /* U+0023 "#" */
    0xd, 0xa0, 0x70, 0xff, 0xe3, 0xa0, 0xd0, 0xe4,
    0x3f, 0xae, 0x3e, 0x56, 0x94, 0x4a, 0x86, 0x40,
    0x8b, 0x89, 0xc, 0x87, 0xff, 0x3, 0x2, 0x1f,
    0xfc, 0x5f, 0x17, 0xa3, 0xc0, 0xa1, 0x52, 0x50,
    0x8, 0x17, 0xe0, 0xfe, 0xc3, 0xb4, 0x3f, 0xf8,
    0x88, 0x40,

    /* U+0024 "$" */
    0xd, 0x61, 0xff, 0xc5, 0x50, 0x87, 0x50, 0x17,
    0x2, 0x57, 0xa5, 0x1, 0x20, 0x36, 0x1f, 0xfc,
    0xa4, 0xd0, 0xf4, 0x94, 0xf, 0x58, 0xe8, 0x7b,
    0x8a, 0x7, 0x9c, 0x50, 0x7d, 0x18, 0x7f, 0xc8,
    0x7e, 0x6d, 0x3, 0x12, 0x8b, 0xd1, 0x2, 0xe0,
    0x5a, 0x19, 0x42, 0x1f, 0xfc, 0x10,

    /* U+0025 "%" */
    0x3, 0xf2, 0x1e, 0x70, 0xf3, 0x33, 0x21, 0xd4,
    0xf, 0x44, 0xc4, 0x1a, 0x10, 0xfa, 0xa, 0xe,
    0x60, 0xff, 0xe2, 0xca, 0xf, 0xfe, 0x2b, 0x7,
    0xf6, 0x16, 0x14, 0x82, 0xf2, 0x14, 0xa1, 0x50,
    0xa8, 0xda, 0x90, 0x34, 0xe5, 0x12, 0x26, 0xb4,
    0x13, 0xf4, 0x24, 0x68, 0x58, 0x7f, 0xa8, 0x4,
    0x32, 0x21, 0xf4, 0x21, 0xff, 0xc5, 0x60, 0x94,
    0x12, 0x21, 0xe9, 0x41, 0x61, 0xb0, 0xfc, 0xc1,
    0x93, 0x5a, 0xf, 0x68, 0x7b, 0x6a, 0x40,

    /* U+0026 "&" */
    0xc, 0xfc, 0x87, 0xf3, 0x13, 0x21, 0xfa, 0x36,
    0x30, 0xfe, 0x43, 0xff, 0x84, 0x81, 0x30, 0xfc,
    0x81, 0x94, 0x1f, 0xb3, 0x98, 0x3f, 0xf8, 0x14,
    0xc, 0xc1, 0x50, 0x10, 0x74, 0x81, 0x47, 0x10,
    0x48, 0x82, 0x31, 0x68, 0x11, 0x7, 0xd2, 0xa8,
    0x41, 0xfd, 0x2c, 0x21, 0xd0, 0x7e, 0x82, 0xc7,
    0xa6, 0xa8, 0x74, 0x1a, 0x2d, 0x47, 0x84,

    /* U+0027 "'" */
    0x3c, 0x1f, 0xfc, 0x24, 0x32, 0xa, 0x0,

    /* U+0028 "(" */
    0x9, 0x9, 0x82, 0x90, 0x24, 0xc, 0x32, 0x80,
    0x98, 0x31, 0x2, 0x1f, 0xe4, 0x3f, 0x90, 0xfc,
    0x86, 0xc3, 0xc8, 0x13, 0x9, 0x41, 0x42, 0x13,
    0x5, 0x8, 0x5a,

    /* U+0029 ")" */
    0x10, 0xeb, 0xd, 0x8, 0x49, 0x6, 0x83, 0x92,
    0xe, 0x43, 0x21, 0xd8, 0x7c, 0x87, 0xff, 0x2d,
    0xb, 0xf, 0xf9, 0x41, 0xd8, 0x50, 0x84, 0xa0,
    0x92, 0xa, 0x43, 0x70, 0x40,

    /* U+002A "*" */
    0xa, 0xc3, 0xfe, 0x79, 0x2e, 0x58, 0xa, 0x8a,
    0x1, 0x82, 0x99, 0x40, 0x54, 0xa0, 0x0,

    /* U+002B "+" */
    0xe, 0xb0, 0xff, 0xf5, 0x7e, 0x4f, 0xc9, 0x58,
    0x15, 0x91, 0x78, 0x5c, 0x1f, 0xfd, 0x90,

    /* U+002C "," */
    0x28, 0x5, 0x41, 0x26, 0xa0, 0x3b, 0xab, 0x62,
    0x80,

    /* U+002D "-" */
    0x5f, 0x57, 0x60,

    /* U+002E "." */
    0x3c, 0x20, 0x50, 0x10,

    /* U+002F "/" */
    0xf, 0x38, 0x7d, 0x87, 0xe5, 0x7, 0x92, 0xf,
    0x61, 0xf9, 0x41, 0xfb, 0xf, 0x42, 0x1e, 0x50,
    0x7e, 0xc3, 0xc8, 0x87, 0xa4, 0x3f, 0x61, 0xe4,
    0x43, 0xd8, 0x7e, 0x60, 0xf2, 0x21, 0xec, 0x3f,
    0x30, 0x79, 0x10, 0xf6, 0x1f, 0x80,

    /* U+0030 "0" */
    0xa, 0xf4, 0x87, 0x6b, 0xa4, 0x2c, 0xab, 0x20,
    0x20, 0x42, 0x44, 0xc8, 0x34, 0x41, 0x21, 0xf9,
    0xf, 0xfe, 0xfa, 0x1f, 0xfc, 0x4, 0x3c, 0x91,
    0x6, 0x8c, 0x32, 0x12, 0x20, 0xcb, 0xb2, 0xd,
    0xa2, 0xb4, 0x0,

    /* U+0031 "1" */
    0x9, 0xf4, 0x19, 0xe0, 0xf9, 0xa2, 0x1f, 0x2b,
    0xf, 0xff, 0xf8, 0x7f, 0xf4, 0xeb, 0xd, 0x42,
    0xc1, 0x2c,

    /* U+0032 "2" */
    0xa, 0xfa, 0xf, 0x68, 0x8e, 0x1b, 0x3d, 0x71,
    0x85, 0xe0, 0xc8, 0x7f, 0xf0, 0x11, 0xf, 0xe4,
    0x43, 0xff, 0x90, 0x88, 0x7f, 0x44, 0x1f, 0xa2,
    0xf, 0xd2, 0xc1, 0xf2, 0x88, 0x3e, 0x63, 0xf,
    0xa8, 0x61, 0xf4, 0x8d, 0x78, 0x8, 0x17, 0xe0,

    /* U+0033 "3" */
    0xa, 0xfa, 0x42, 0x74, 0x5a, 0x40, 0x97, 0x4c,
    0x82, 0xd0, 0xc8, 0x87, 0xff, 0x1d, 0x10, 0xf3,
    0x90, 0x77, 0xa3, 0x43, 0x94, 0xd, 0xe, 0xa7,
    0x89, 0xf, 0xd1, 0x7, 0xe4, 0x3f, 0xc8, 0x5e,
    0xe, 0x88, 0x8f, 0x5e, 0x14, 0x3a, 0x23, 0x40,

    /* U+0034 "4" */
    0xf, 0xbc, 0x87, 0xec, 0x3f, 0xc8, 0x7f, 0xd1,
    0x7, 0xec, 0xf0, 0x7c, 0x88, 0x7f, 0x44, 0x1f,
    0xa3, 0xf, 0xcb, 0x7, 0xf4, 0x41, 0xfa, 0x7,
    0xe4, 0xbb, 0x5f, 0x1, 0x5b, 0x5e, 0x4e, 0x43,
    0xff, 0xb0,

    /* U+0035 "5" */
    0x5, 0xff, 0x7, 0x97, 0xc1, 0x92, 0xbc, 0x1f,
    0xfd, 0xef, 0xd0, 0x7c, 0xd0, 0x70, 0xde, 0x95,
    0x82, 0xf, 0xec, 0x43, 0xff, 0xaa, 0x88, 0x38,
    0x33, 0x10, 0x15, 0xeb, 0x88, 0x2b, 0x44, 0x74,
    0x0,

    /* U+0036 "6" */
    0x9, 0xbd, 0x21, 0xa8, 0x8a, 0xa0, 0x14, 0x7a,
    0xe8, 0x8, 0xc3, 0x20, 0x44, 0x3f, 0xd8, 0x7e,
    0xc5, 0x7e, 0x43, 0x51, 0x92, 0x42, 0x79, 0xa1,
    0x5, 0x6, 0x43, 0xfe, 0x41, 0x98, 0x72, 0x4,
    0x43, 0xf9, 0x20, 0xa1, 0x4, 0xae, 0xd2, 0xa,
    0x82, 0x38, 0x0,

    /* U+0037 "7" */
    0xff, 0xf0, 0xbf, 0x82, 0xaf, 0x81, 0x87, 0xe5,
    0x7, 0xec, 0x83, 0xe4, 0x43, 0xf4, 0x41, 0xfc,
    0x87, 0xe8, 0xc3, 0xfc, 0x87, 0xe4, 0x3f, 0xf9,
    0x8, 0x87, 0xff, 0x1f, 0xf, 0xfe, 0x6, 0x1c,

    /* U+0038 "8" */
    0xa, 0xf9, 0xc, 0xeb, 0x14, 0xa, 0x3a, 0x6b,
    0x4, 0x86, 0x8c, 0x3f, 0xf8, 0x48, 0x64, 0xc1,
    0x9a, 0x9, 0x41, 0x45, 0xe2, 0x9, 0x98, 0x24,
    0x29, 0x9e, 0x24, 0x88, 0x27, 0x21, 0xf, 0xfe,
    0x4a, 0x41, 0x90, 0xa1, 0xeb, 0x18, 0x38, 0x5d,
    0x80,

    /* U+0039 "9" */
    0x9, 0xfa, 0xf, 0x50, 0x5b, 0xc, 0xb7, 0x4c,
    0xc2, 0x88, 0x32, 0x21, 0xfd, 0x18, 0x7f, 0xc8,
    0x11, 0xc, 0x86, 0x89, 0x1a, 0x7, 0x45, 0xc6,
    0x1c, 0xfa, 0xe0, 0xfe, 0x43, 0x21, 0xfd, 0x18,
    0x7f, 0x22, 0x14, 0x1b, 0x10, 0x95, 0xeb, 0x18,
    0x26, 0x45, 0x50, 0x20,

    /* U+003A ":" */
    0x3c, 0x20, 0x50, 0x13, 0xc1, 0xff, 0xca, 0xf0,
    0x81, 0x40, 0x40,

    /* U+003B ";" */
    0x3c, 0x20, 0x50, 0x13, 0xc1, 0xff, 0xca, 0xa0,
    0x15, 0x4, 0x9a, 0x80, 0xee, 0xad, 0x8a, 0x0,

    /* U+003C "<" */
    0xf, 0xf2, 0x83, 0xe6, 0xe0, 0xf5, 0xca, 0xd0,
    0x3e, 0x55, 0xc1, 0x73, 0x72, 0x1f, 0xfc, 0x5e,
    0x6e, 0x43, 0xcf, 0x95, 0x70, 0x7d, 0x72, 0xb4,
    0x3e, 0x6d, 0x0,

    /* U+003D "=" */
    0x3f, 0xfc, 0x95, 0xfe, 0x45, 0xff, 0x7, 0xff,
    0x3b, 0xff, 0xc9, 0x5f, 0xe4,

    /* U+003E ">" */
    0x20, 0xff, 0x9f, 0x21, 0xfb, 0x8b, 0x90, 0xf3,
    0xe5, 0x5a, 0x1f, 0x5c, 0xda, 0x1f, 0xfc, 0x5b,
    0x95, 0xa0, 0x7c, 0xab, 0x82, 0xe2, 0xe4, 0x39,
    0xf2, 0x1f, 0x0,

    /* U+003F "?" */
    0xa, 0xf9, 0x9, 0xd6, 0x28, 0x13, 0xd3, 0x10,
    0x30, 0x7f, 0xf2, 0xd1, 0xf, 0xa2, 0xf, 0x66,
    0x1e, 0x88, 0x3e, 0x44, 0x3f, 0x21, 0xfb, 0x83,
    0xff, 0x8d, 0xc1, 0xf2, 0x21, 0xf2, 0x21, 0x80,

    /* U+0040 "@" */
    0xf, 0xaf, 0xe8, 0x3f, 0xd6, 0xaa, 0x95, 0xa1,
    0xe7, 0x6e, 0x5a, 0xda, 0x7, 0x4e, 0x87, 0xd4,
    0x43, 0x64, 0x1f, 0xe4, 0xc1, 0x18, 0x6b, 0xce,
    0x82, 0x9, 0x41, 0xb2, 0xa1, 0x2, 0x28, 0x82,
    0xd9, 0x60, 0xf7, 0x83, 0x24, 0x12, 0x1e, 0xc3,
    0xb0, 0xf2, 0x1f, 0x21, 0x21, 0xec, 0x24, 0x44,
    0x3f, 0x21, 0xd2, 0x1e, 0x84, 0x63, 0x4, 0x46,
    0x19, 0x57, 0xd3, 0xe3, 0x2, 0x61, 0x5e, 0x87,
    0xe8, 0x34, 0x21, 0xff, 0xc4, 0x55, 0x3, 0xff,
    0x89, 0x2b, 0x50, 0x15, 0xa1, 0xfa, 0xda, 0x7a,
    0xa4, 0x3f, 0xd7, 0xf9, 0xf, 0x0,

    /* U+0041 "A" */
    0xe, 0xbc, 0x1f, 0xf2, 0x4, 0x3f, 0x92, 0x30,
    0xfe, 0xc5, 0x83, 0xf9, 0x46, 0x21, 0xf2, 0x62,
    0x61, 0xf6, 0x21, 0x21, 0xf2, 0x19, 0x10, 0xe4,
    0x42, 0x8c, 0x3b, 0x5, 0x61, 0xe, 0x45, 0xe0,
    0x21, 0x23, 0xfd, 0x18, 0x59, 0x7, 0x22, 0x12,
    0x1f, 0x91, 0x11, 0xf, 0xb2, 0x33, 0xf, 0x90,
    0x80,

    /* U+0042 "B" */
    0xff, 0xa4, 0x39, 0x70, 0xd0, 0x35, 0x6f, 0x8,
    0x7f, 0x91, 0xf, 0xfe, 0x4a, 0x1f, 0xcc, 0x28,
    0x2f, 0xd2, 0xa0, 0xcb, 0xc3, 0x86, 0xae, 0xe3,
    0xf, 0xe5, 0x8, 0x7f, 0xf2, 0x51, 0xf, 0xd0,
    0x75, 0x76, 0x98, 0x4b, 0xc5, 0x80,

    /* U+0043 "C" */
    0xc, 0xdf, 0x41, 0xee, 0x42, 0x74, 0x2c, 0x1f,
    0xa0, 0xc8, 0x30, 0xce, 0x82, 0x30, 0xfe, 0x44,
    0x3f, 0xd8, 0x7f, 0xf0, 0xb0, 0xff, 0xe6, 0xe1,
    0xfe, 0xc3, 0xff, 0x80, 0x88, 0x7f, 0xc9, 0x7,
    0xfa, 0x1c, 0x33, 0xe0, 0xb4, 0xfd, 0x10, 0x6a,
    0x6, 0x74,

    /* U+0044 "D" */
    0xff, 0x48, 0x79, 0x61, 0xb0, 0xea, 0xbc, 0x98,
    0x7f, 0x49, 0x7, 0xf4, 0x28, 0x3f, 0x90, 0xff,
    0xb3, 0xf, 0xf9, 0xf, 0xfe, 0x5a, 0x1f, 0xd9,
    0x87, 0xf2, 0x21, 0xfa, 0x10, 0xfd, 0x24, 0x15,
    0x5e, 0x48, 0x32, 0xc3, 0x68, 0x0,

    /* U+0045 "E" */
    0xff, 0xe4, 0x25, 0xf0, 0x5d, 0x79, 0xf, 0xfe,
    0xf7, 0xf9, 0xc, 0xbc, 0x1b, 0xae, 0x43, 0xff,
    0xbf, 0xd7, 0xc1, 0x2f, 0x80,

    /* U+0046 "F" */
    0xff, 0xe4, 0x25, 0xf0, 0x5d, 0x79, 0xf, 0xfe,
    0xf7, 0x5c, 0x86, 0x5e, 0xd, 0xfe, 0x43, 0xff,
    0xe2,

    /* U+0047 "G" */
    0xc, 0xdf, 0x48, 0x77, 0x21, 0x34, 0xb, 0x5,
    0xf9, 0x9, 0x6, 0x86, 0xa0, 0x23, 0xf, 0xe4,
    0x3f, 0xf8, 0x18, 0x87, 0xff, 0x3, 0xd, 0x5c,
    0x87, 0xcb, 0xd8, 0x30, 0xdf, 0x40, 0xc3, 0xff,
    0x80, 0x88, 0x7f, 0xc9, 0x87, 0xfa, 0x6, 0x1d,
    0x86, 0xd3, 0xf9, 0x20, 0xa8, 0x84, 0xd8,

    /* U+0048 "H" */
    0xf0, 0x7e, 0xf0, 0x7f, 0xff, 0xbf, 0xf0, 0x72,
    0xf8, 0x3b, 0xaf, 0x61, 0xff, 0xfe,

    /* U+0049 "I" */
    0xf0, 0x7f, 0xf8, 0x80,

    /* U+004A "J" */
    0xf, 0x9e, 0xf, 0xff, 0xf8, 0x7f, 0xf7, 0xb3,
    0x3c, 0x19, 0x12, 0x3f, 0x8, 0x19, 0xa, 0x80,

    /* U+004B "K" */
    0xf0, 0x79, 0xf0, 0x7f, 0xa3, 0xf, 0xec, 0x83,
    0xfb, 0x24, 0x3f, 0x42, 0x83, 0xf4, 0xa8, 0x3f,
    0x28, 0x3f, 0xd4, 0x2, 0x1f, 0x92, 0x84, 0x1f,
    0xa5, 0xa, 0xf, 0x28, 0x11, 0x7, 0xa0, 0x90,
    0x21, 0xfe, 0xc8, 0x3f, 0xe4, 0x83, 0xfd, 0x8,
    0x7f, 0xd1, 0x80,

    /* U+004C "L" */
    0xf0, 0x7f, 0xff, 0xc3, 0xff, 0xeb, 0xd7, 0x83,
    0x2f, 0xc0,

    /* U+004D "M" */
    0xf8, 0x3f, 0x7a, 0xf, 0xf2, 0x1e, 0x83, 0xd8,
    0x72, 0x83, 0xca, 0xd, 0x88, 0x64, 0xc3, 0x26,
    0x1a, 0x10, 0xe5, 0x7, 0x41, 0xec, 0x40, 0x88,
    0x79, 0x30, 0x48, 0x7e, 0x50, 0x58, 0x7e, 0x86,
    0x10, 0xff, 0x4a, 0xf, 0xf4, 0xc, 0x3f, 0xc8,
    0x10, 0xff, 0xa8, 0x1f, 0xfc, 0x5, 0x7, 0x80,

    /* U+004E "N" */
    0xf4, 0x1f, 0x70, 0x10, 0xff, 0xe0, 0x61, 0xfe,
    0x44, 0x3f, 0xa2, 0xf, 0xf4, 0x41, 0xfc, 0x88,
    0x7f, 0xa2, 0xf, 0xe4, 0x50, 0x7f, 0x64, 0x1f,
    0xe4, 0x43, 0xfa, 0x20, 0xff, 0x42, 0x1f, 0xc9,
    0x7, 0xfa, 0xf, 0xf9, 0x40,

    /* U+004F "O" */
    0xc, 0xfe, 0x83, 0xf7, 0x6, 0x74, 0x3b, 0x1f,
    0xd1, 0x21, 0x43, 0x6, 0x62, 0x9, 0x20, 0xf2,
    0x4, 0x44, 0x3f, 0x46, 0x61, 0xfe, 0x44, 0x2c,
    0x3f, 0xfa, 0x38, 0x7e, 0x42, 0xc3, 0xff, 0x80,
    0x88, 0x87, 0xe8, 0xc0, 0x90, 0x79, 0x2, 0x8,
    0x60, 0xd4, 0x20, 0xd8, 0xfe, 0x49, 0xe, 0xe0,
    0xce, 0x84,

    /* U+0050 "P" */
    0xff, 0xa0, 0xe5, 0xc3, 0xc1, 0x56, 0xf0, 0xa0,
    0xfd, 0x18, 0x7e, 0x44, 0x3f, 0x22, 0x1f, 0xb3,
    0xf, 0xa4, 0x41, 0xfc, 0x98, 0x4b, 0xaf, 0x6,
    0xac, 0x87, 0xff, 0xbc,

    /* U+0051 "Q" */
    0xc, 0xfe, 0x83, 0xf7, 0x6, 0x74, 0x3b, 0x1f,
    0xc9, 0x21, 0x43, 0x6, 0xa1, 0x4, 0x90, 0x79,
    0x2, 0x22, 0x1f, 0xa3, 0x30, 0xff, 0xe0, 0x21,
    0x61, 0xf9, 0xf, 0xfe, 0x46, 0x1f, 0xfc, 0xc,
    0x3f, 0xc8, 0x88, 0x87, 0xec, 0xc0, 0x88, 0x7c,
    0x88, 0x22, 0x43, 0xb1, 0xd, 0x14, 0x55, 0x8c,
    0x19, 0xd5, 0x44, 0xa0, 0x7d, 0x68, 0xe8, 0x7f,
    0xa1, 0x83, 0xff, 0x81, 0x8f, 0x4c, 0x3f, 0xb8,
    0x50, 0x0,

    /* U+0052 "R" */
    0xff, 0xa4, 0x39, 0x70, 0xd0, 0x35, 0x6f, 0xa,
    0xf, 0xe8, 0xc3, 0xf9, 0x10, 0xfe, 0x43, 0xfe,
    0xc4, 0x3f, 0x49, 0x5, 0xfc, 0x98, 0x65, 0x80,
    0xe1, 0xd5, 0x84, 0x3f, 0x94, 0x41, 0xfd, 0x8,
    0x7f, 0xa3, 0xf, 0xe4, 0x8, 0x7f, 0x64, 0x0,

    /* U+0053 "S" */
    0xa, 0xfc, 0x87, 0x68, 0x6b, 0xb, 0x1f, 0xc8,
    0x7a, 0xd, 0x61, 0xff, 0xc5, 0x83, 0xfb, 0x1d,
    0xf, 0xd8, 0x2e, 0xf, 0xbc, 0x8f, 0x7, 0xd6,
    0x8c, 0x1f, 0xa8, 0x21, 0xfc, 0x86, 0x43, 0xfd,
    0x4c, 0x3a, 0x12, 0x4f, 0xe4, 0x81, 0x44, 0x26,
    0xc0,

    /* U+0054 "T" */
    0x7f, 0xfe, 0x5f, 0x4, 0xb8, 0x15, 0xc3, 0x59,
    0xf, 0xff, 0xf8, 0x7f, 0xff, 0xc3, 0xff, 0x8e,

    /* U+0055 "U" */
    0xf0, 0x7e, 0xe0, 0xff, 0xff, 0x87, 0xff, 0x49,
    0xc, 0x87, 0xf2, 0x1f, 0xb3, 0xc4, 0x1e, 0x45,
    0x2, 0xd, 0x6, 0xc7, 0xf2, 0x61, 0x68, 0x6b,
    0x0,

    /* U+0056 "V" */
    0xf2, 0x1f, 0x5a, 0x8c, 0x3e, 0x46, 0x10, 0xff,
    0xe3, 0xa2, 0x4, 0x83, 0xa2, 0x4, 0x21, 0xff,
    0xc5, 0x44, 0x32, 0x21, 0x64, 0x1a, 0x30, 0x90,
    0xfc, 0x81, 0x10, 0xf2, 0x26, 0x61, 0xec, 0xc4,
    0x43, 0xc8, 0x81, 0xf, 0xc9, 0x18, 0x7e, 0xc4,
    0x43, 0xf2, 0x4, 0x38,

    /* U+0057 "W" */
    0x7c, 0x1c, 0xf8, 0x39, 0xe4, 0x3e, 0xc3, 0xec,
    0xc3, 0xf2, 0x4, 0x3c, 0x88, 0x87, 0x26, 0x19,
    0xb, 0x30, 0x92, 0x10, 0xff, 0xe1, 0x60, 0x43,
    0x22, 0x4, 0x42, 0x41, 0x88, 0x33, 0xf, 0xe4,
    0x4c, 0x32, 0x12, 0x22, 0x61, 0x20, 0x43, 0xb3,
    0x31, 0x2, 0x19, 0xc, 0x84, 0x86, 0xc5, 0x7,
    0xe4, 0x8, 0x49, 0x83, 0xf, 0x93, 0xf, 0x62,
    0x1c, 0x90, 0x86, 0x58, 0x3e, 0xc3, 0xf6, 0x4,
    0x3c, 0x81, 0xe, 0x43, 0xc0,

    /* U+0058 "X" */
    0x3c, 0x1e, 0x78, 0x11, 0x7, 0x44, 0x4, 0x50,
    0x50, 0x86, 0x88, 0x24, 0x83, 0x20, 0x48, 0x83,
    0xd9, 0x8, 0x87, 0xc9, 0x90, 0x7e, 0x80, 0xa0,
    0xfc, 0x81, 0xf, 0xe8, 0x44, 0x3e, 0x4a, 0x10,
    0x7d, 0x9, 0x10, 0x74, 0x40, 0x44, 0x39, 0x10,
    0xa3, 0xb, 0x20, 0xc8, 0x11, 0x2, 0x1d, 0x10,

    /* U+0059 "Y" */
    0x3c, 0x87, 0xad, 0x22, 0xf, 0x22, 0x20, 0x43,
    0x44, 0x14, 0x61, 0x91, 0x9, 0x10, 0x92, 0xe,
    0x88, 0x10, 0x87, 0x22, 0x24, 0x1f, 0x45, 0x4,
    0x3e, 0x44, 0x83, 0xfa, 0x2, 0x1f, 0xc8, 0x7f,
    0xff, 0x0,

    /* U+005A "Z" */
    0x3f, 0xfc, 0x5, 0xf8, 0x3a, 0xbe, 0x4, 0x1f,
    0xa1, 0x41, 0xf9, 0x20, 0xfd, 0x90, 0x7e, 0x85,
    0x7, 0xe4, 0x83, 0xf6, 0x41, 0xf9, 0x14, 0x1f,
    0xa2, 0xf, 0xd9, 0x7, 0xe4, 0x8, 0x7e, 0x8c,
    0x3f, 0x40, 0xaf, 0xc2, 0x5, 0xfc, 0x0,

    /* U+005B "[" */
    0xbe, 0x81, 0xe8, 0x3f, 0xff, 0xe1, 0xff, 0xc5,
    0xf5, 0x3e, 0x80,

    /* U+005C "\\" */
    0xb0, 0xfa, 0xf, 0xf4, 0x1f, 0x28, 0x3e, 0xc3,
    0xf2, 0x41, 0xf2, 0x83, 0xec, 0x3f, 0x22, 0x1f,
    0x30, 0x7d, 0x87, 0xe4, 0x43, 0xf6, 0x1f, 0x48,
    0x7c, 0x88, 0x7e, 0xc3, 0xe5, 0x7, 0xd0, 0x87,
    0xec, 0x3e, 0x50, 0x7d, 0x80,

    /* U+005D "]" */
    0x3f, 0x3, 0xd0, 0x7f, 0xff, 0xc3, 0xff, 0xb1,
    0xe8, 0x2f, 0xc0,

    /* U+005E "^" */
    0xc, 0xa0, 0xfd, 0x44, 0x3d, 0x2, 0xf, 0x2a,
    0xf, 0x26, 0x90, 0x6c, 0x45, 0x6, 0x50, 0x31,
    0x4, 0x40, 0x4c, 0x8, 0x72, 0x84, 0x83, 0x44,

    /* U+005F "_" */
    0xf, 0xfe, 0x5, 0xff, 0xf5, 0xff, 0xf0,

    /* U+0060 "`" */
    0x20, 0xd3, 0x5, 0x2a, 0xa, 0x58, 0x29, 0xc3,
    0x50,

    /* U+0061 "a" */
    0x3, 0x7d, 0x5, 0xc8, 0x8c, 0x6, 0xf5, 0x88,
    0x24, 0x32, 0x21, 0xe4, 0x18, 0x1b, 0xd2, 0x15,
    0x1b, 0xd0, 0x16, 0xd0, 0xec, 0xc3, 0xfb, 0x9,
    0x81, 0xf, 0x72, 0x14, 0x5, 0x70, 0x0,

    /* U+0062 "b" */
    0xf0, 0x7f, 0xfb, 0x1b, 0xd0, 0x75, 0x14, 0x38,
    0x67, 0xd6, 0x90, 0x58, 0x68, 0x43, 0xfe, 0x43,
    0xf2, 0x1f, 0xfc, 0x94, 0x43, 0xe4, 0x3a, 0xd,
    0x10, 0x4f, 0x78, 0x50, 0x1d, 0x43, 0x40, 0x0,

    /* U+0063 "c" */
    0x9, 0xbd, 0x6, 0xe4, 0xe, 0x8, 0x7f, 0x42,
    0x88, 0x32, 0x64, 0x1f, 0x21, 0xff, 0xc7, 0x43,
    0xfb, 0x20, 0xf9, 0x4, 0x1a, 0x6, 0x3d, 0xe5,
    0x3, 0x44, 0x74,

    /* U+0064 "d" */
    0xf, 0xcf, 0x7, 0xff, 0x8e, 0xf9, 0xe, 0xd1,
    0x28, 0x16, 0x3d, 0xe0, 0x90, 0x41, 0xa0, 0x64,
    0x1f, 0xfc, 0x74, 0x3f, 0xc8, 0x7f, 0xb2, 0xf,
    0xc8, 0x10, 0x98, 0x28, 0xbb, 0x90, 0x9d, 0x15,
    0xc0,

    /* U+0065 "e" */
    0xa, 0xfa, 0xe, 0xd1, 0x6c, 0x2c, 0xba, 0x88,
    0x45, 0x4, 0xb1, 0x98, 0x7e, 0x4b, 0xf9, 0xd,
    0x5f, 0x84, 0xb, 0xf1, 0x90, 0x7e, 0x41, 0x7,
    0xec, 0x7a, 0x7a, 0xb, 0x85, 0xa8, 0x0,

    /* U+0066 "f" */
    0xc, 0xc8, 0x6a, 0x34, 0x2, 0x8f, 0x40, 0xc8,
    0x3f, 0xf8, 0xee, 0x97, 0x85, 0x1, 0x60, 0x49,
    0xd0, 0x3f, 0xff, 0xa0,

    /* U+0067 "g" */
    0xa, 0xff, 0x80, 0xeb, 0x4, 0xc0, 0x8e, 0x98,
    0x24, 0x44, 0x32, 0x21, 0xfd, 0x86, 0x44, 0x34,
    0x21, 0x24, 0x8, 0x43, 0x43, 0xe5, 0x41, 0xb7,
    0xf4, 0x1f, 0xfc, 0x67, 0xac, 0x86, 0x80, 0xba,
    0xd1, 0xa7, 0xf4, 0x46, 0x21, 0xc8, 0x7f, 0xc8,
    0x99, 0xcb, 0x73, 0xe, 0xaa, 0x9a, 0x0,

    /* U+0068 "h" */
    0xf0, 0x7f, 0xfa, 0x2f, 0x41, 0x9d, 0x3, 0x85,
    0x4f, 0x80, 0x83, 0x42, 0x43, 0xfb, 0x30, 0xff,
    0xfd, 0x0,

    /* U+0069 "i" */
    0x3c, 0x19, 0x28, 0x8a, 0xf, 0x78, 0x3f, 0xfc,
    0x20,

    /* U+006A "j" */
    0xb, 0xc1, 0xe4, 0x2a, 0x21, 0x28, 0x3f, 0xde,
    0xf, 0xff, 0xf8, 0x7f, 0xa9, 0x88, 0x11, 0x80,

    /* U+006B "k" */
    0xf0, 0x7f, 0xfa, 0x9f, 0x7, 0xd1, 0x87, 0xb2,
    0xf, 0x42, 0x83, 0x96, 0x83, 0x98, 0x43, 0xd0,
    0x88, 0x7b, 0x88, 0x3a, 0x4, 0x41, 0x90, 0x22,
    0x83, 0xec, 0x83, 0xf2, 0x40,

    /* U+006C "l" */
    0xf0, 0x7f, 0xfc, 0x32, 0x8,

    /* U+006D "m" */
    0xe1, 0xfa, 0xa, 0xf4, 0x12, 0xa0, 0x96, 0xd0,
    0x30, 0x54, 0xf4, 0x55, 0xf0, 0x85, 0xa0, 0x41,
    0x21, 0x22, 0x1f, 0xfc, 0xc4, 0x3d, 0x87, 0xff,
    0xfc, 0x3f, 0xfa, 0x20,

    /* U+006E "n" */
    0xe0, 0x5e, 0x82, 0x56, 0x81, 0xc2, 0xa7, 0xc0,
    0x41, 0xa1, 0x21, 0xfd, 0x98, 0x7f, 0xfe, 0x80,

    /* U+006F "o" */
    0xa, 0xfa, 0xf, 0x68, 0x8e, 0x85, 0x8f, 0x71,
    0x1, 0x4, 0x13, 0x11, 0x90, 0x72, 0x22, 0x1f,
    0xfc, 0xb4, 0x3f, 0xec, 0x83, 0x91, 0x10, 0x41,
    0x31, 0x3, 0x1e, 0xe2, 0xd, 0xa2, 0x3a, 0x0,

    /* U+0070 "p" */
    0xe1, 0xbd, 0x6, 0x68, 0xa1, 0xc3, 0x3e, 0xb4,
    0x82, 0xc3, 0x42, 0x1f, 0xf2, 0x1f, 0x90, 0xff,
    0xe4, 0xa2, 0x1f, 0x21, 0xd0, 0x68, 0x82, 0x7b,
    0xc2, 0x82, 0xd4, 0x34, 0xe, 0xbd, 0x21, 0xff,
    0xe3,

    /* U+0071 "q" */
    0xa, 0xf9, 0x38, 0x1a, 0x25, 0x85, 0x8f, 0x78,
    0x24, 0x10, 0x68, 0x19, 0x7, 0xff, 0x1d, 0xf,
    0xf2, 0x1f, 0xec, 0x83, 0xf2, 0x4, 0x26, 0xa,
    0x2e, 0xe4, 0x27, 0x45, 0x78, 0x3a, 0xf4, 0x1f,
    0xfe, 0x40,

    /* U+0072 "r" */
    0xe1, 0xf2, 0x2a, 0xe, 0xa7, 0x90, 0x28, 0x3a,
    0xf, 0xff, 0x48,

    /* U+0073 "s" */
    0xa, 0xfa, 0xd, 0xaf, 0x60, 0x46, 0xaf, 0x3,
    0x30, 0xfb, 0x24, 0x3c, 0xc5, 0xc1, 0xcf, 0xe,
    0x87, 0x3c, 0x41, 0xf2, 0x84, 0x90, 0xfc, 0xdd,
    0x35, 0x8e, 0x58, 0xa0,

    /* U+0074 "t" */
    0x9, 0xf, 0x32, 0x1f, 0xfc, 0x77, 0x8b, 0xd2,
    0x80, 0xb6, 0x49, 0xd1, 0xf, 0xff, 0x36, 0x61,
    0xc8, 0xf4, 0xb, 0x2, 0x0,

    /* U+0075 "u" */
    0x3c, 0x1d, 0x68, 0x7f, 0xff, 0xc3, 0xfc, 0x87,
    0x21, 0x61, 0xa2, 0xf9, 0x82, 0x60, 0xa8, 0x10,

    /* U+0076 "v" */
    0xb8, 0x3d, 0xe2, 0x10, 0xe4, 0x43, 0xfb, 0x30,
    0x44, 0x19, 0x10, 0x22, 0x12, 0x21, 0x90, 0xd9,
    0x6, 0xc8, 0x8, 0x79, 0x11, 0x10, 0xf2, 0xc,
    0x83, 0xd8, 0xa0, 0xfc, 0x91, 0x7, 0xe4, 0x8,
    0x60,

    /* U+0077 "w" */
    0x7c, 0x1d, 0xe0, 0xef, 0x8, 0x7a, 0x2, 0x1c,
    0x81, 0x10, 0x94, 0x61, 0x26, 0xc, 0xc3, 0x62,
    0x16, 0x20, 0x44, 0x8, 0xa0, 0xc8, 0x7f, 0x60,
    0xc4, 0x24, 0x32, 0x22, 0x84, 0xc4, 0xc3, 0x66,
    0xc, 0x24, 0xc4, 0x32, 0x4, 0x40, 0x81, 0xf,
    0xce, 0x1b, 0x21, 0xf, 0x42, 0x82, 0x44, 0x83,
    0xc8, 0x30, 0xc8, 0x78,

    /* U+0078 "x" */
    0x3c, 0x1d, 0xe0, 0x44, 0x14, 0x40, 0x45, 0x1,
    0x10, 0xb2, 0x23, 0xe, 0x49, 0x41, 0xe8, 0x48,
    0x3f, 0xf8, 0xb9, 0x10, 0x72, 0x4b, 0x83, 0x42,
    0x44, 0x14, 0x41, 0x24, 0x2e, 0xa, 0x14,

    /* U+0079 "y" */
    0xb8, 0x3d, 0xe2, 0x10, 0xe4, 0x40, 0x88, 0x6c,
    0xc1, 0x98, 0x64, 0x40, 0x88, 0x48, 0x86, 0x44,
    0x19, 0x86, 0x88, 0x8, 0x87, 0x21, 0x90, 0xf6,
    0x28, 0x83, 0xc9, 0x40, 0xfe, 0x80, 0x87, 0xe4,
    0x10, 0x7f, 0xf2, 0x22, 0xf, 0xe4, 0x43, 0xd4,
    0xc8, 0x3e, 0x5b, 0x43, 0xc0,

    /* U+007A "z" */
    0x2f, 0xfa, 0x35, 0xe0, 0x63, 0x58, 0xa, 0xf,
    0x24, 0x1e, 0xc8, 0x3d, 0xa, 0xe, 0x51, 0x7,
    0xa2, 0xf, 0x42, 0x83, 0x94, 0x41, 0xe8, 0x15,
    0xc8, 0x65, 0xe8,

    /* U+007B "{" */
    0x9, 0xf4, 0x14, 0x70, 0x68, 0x32, 0x1e, 0x43,
    0xff, 0x95, 0x87, 0xb0, 0xd0, 0x85, 0xb0, 0x68,
    0x83, 0x38, 0x87, 0xb0, 0xf6, 0x1f, 0xfd, 0x68,
    0x3a, 0x38, 0x27, 0xd0,

    /* U+007C "|" */
    0xa0, 0x7f, 0xf8, 0x80,

    /* U+007D "}" */
    0x3d, 0x6, 0xd6, 0xd, 0x18, 0x7f, 0xf8, 0xd6,
    0xd, 0x14, 0xa, 0x28, 0x12, 0xc1, 0xff, 0xe1,
    0x4c, 0x2e, 0x10, 0xbe, 0x8,

    /* U+007E "~" */
    0xf, 0xfe, 0x15, 0xe8, 0x32, 0x9, 0x95, 0xa5,
    0x1, 0xe6, 0xdb, 0x60, 0x21, 0xae, 0xd0,

    /* U+4E00 "一" */
    0x2b, 0xff, 0x90, 0x5, 0xff, 0xe4, 0x3, 0xff,
    0xf9, 0x0,

    /* U+4E0A "上" */
    0xf, 0xfe, 0x85, 0x87, 0xff, 0xfc, 0x3f, 0xfc,
    0x35, 0xf8, 0x3f, 0xf8, 0xb, 0xfc, 0x1f, 0xf7,
    0xfe, 0x43, 0xff, 0xfe, 0x1f, 0xff, 0xf0, 0xff,
    0xbf, 0xf2, 0x7f, 0xf9, 0x7f, 0xf9, 0x0,

    /* U+4E0D "不" */
    0x7f, 0xff, 0x8d, 0xb, 0xfe, 0x9, 0x7c, 0x15,
    0x7f, 0x3, 0xaf, 0x83, 0xfd, 0x8, 0x7f, 0xf1,
    0x54, 0x41, 0xff, 0xc4, 0x60, 0x90, 0xff, 0xe1,
    0xc1, 0x36, 0x87, 0xff, 0x3, 0x24, 0x62, 0x81,
    0xfc, 0xe4, 0x84, 0xe3, 0x87, 0xd4, 0x24, 0x3d,
    0xa6, 0x84, 0xe9, 0xa1, 0xfa, 0x84, 0x8c, 0x38,
    0x7f, 0xcc, 0x42, 0x70, 0x7f, 0xf0, 0x5a, 0x3,
    0xf, 0xfe, 0x22, 0x83, 0xff, 0xfe, 0x1f, 0xfd,
    0x30,

    /* U+4E3B "主" */
    0xf, 0xfe, 0x7b, 0xc1, 0xff, 0xc5, 0x5b, 0xf,
    0xfe, 0x2d, 0xc, 0x3f, 0xf8, 0xac, 0x21, 0xfa,
    0xff, 0xd1, 0x7f, 0x81, 0xaf, 0xc0, 0x5f, 0xa0,
    0x35, 0xf0, 0x2b, 0xe4, 0x3f, 0xfe, 0x6d, 0x78,
    0x15, 0xf0, 0x6d, 0x7c, 0x5, 0xf8, 0x35, 0xfe,
    0x7, 0xfc, 0x1f, 0xff, 0xf0, 0xf9, 0xaf, 0xc0,
    0xaf, 0xed, 0x7f, 0x1, 0x7f, 0x80,

    /* U+4E5F "也" */
    0xf, 0xf9, 0x41, 0xff, 0xc8, 0xb0, 0xff, 0xe1,
    0x21, 0xff, 0xc9, 0xa0, 0x7f, 0xf5, 0x50, 0xff,
    0xe3, 0x37, 0x40, 0xff, 0xe1, 0x3e, 0x94, 0x61,
    0xfe, 0x6c, 0xd, 0xe8, 0x3f, 0xcf, 0x28, 0x64,
    0x3f, 0x37, 0x81, 0x7a, 0xf, 0xfe, 0x4, 0xa8,
    0x50, 0x7f, 0x21, 0xde, 0x90, 0xff, 0xe1, 0x21,
    0xff, 0xc7, 0x83, 0xff, 0x8d, 0x4c, 0x43, 0xff,
    0x8e, 0xd0, 0x3f, 0xf8, 0xb5, 0x23, 0x7, 0xff,
    0x3, 0x83, 0xe4, 0x3f, 0xf9, 0x18, 0x7f, 0xf2,
    0x54, 0x1e, 0x55, 0x7f, 0xd9, 0x87, 0xa5, 0xff,
    0xe0, 0x12, 0x0,

    /* U+4E8C "二" */
    0xf, 0xfe, 0x57, 0xff, 0xf1, 0x3, 0x2f, 0xff,
    0x10, 0x35, 0x7f, 0xf1, 0x3, 0xff, 0xfe, 0x1f,
    0xff, 0xf0, 0xff, 0xf4, 0x5f, 0xff, 0xc8, 0xf,
    0xfe, 0x32,

    /* U+4E8E "于" */
    0x7, 0xff, 0xf1, 0x10, 0x97, 0xe0, 0x97, 0xc1,
    0xab, 0xe4, 0xeb, 0xc8, 0x7f, 0xff, 0xc3, 0xcd,
    0x7e, 0x4e, 0xbf, 0x6b, 0xf8, 0x25, 0xfd, 0x7f,
    0xe4, 0xff, 0xe0, 0xff, 0xff, 0x87, 0xff, 0xea,
    0xb2, 0x1f, 0xfc, 0x45, 0x88, 0x3f, 0x80,

    /* U+4EAE "亮" */
    0xf, 0xe4, 0x3f, 0xf8, 0xf6, 0x1f, 0xcb, 0xfc,
    0x9, 0x7e, 0x2b, 0xf8, 0xd, 0x7c, 0xff, 0xff,
    0x1d, 0xa, 0xff, 0xfe, 0x4, 0x1f, 0xaf, 0xfd,
    0x7, 0xf9, 0xf, 0xc8, 0x7f, 0xbf, 0xfc, 0x1f,
    0xab, 0xff, 0x84, 0x1f, 0x2f, 0xff, 0x0, 0x33,
    0xff, 0xfc, 0x60, 0xaf, 0xff, 0xe1, 0x21, 0x90,
    0x97, 0xf0, 0x7c, 0x84, 0xd7, 0xe0, 0xb4, 0x60,
    0xb3, 0xf9, 0xc, 0xc1, 0xff, 0xce, 0x50, 0x7f,
    0xd8, 0x76, 0x41, 0xff, 0xc0, 0x46, 0xc8, 0x3d,
    0x92, 0xa1, 0xa2, 0xb4, 0x3c, 0x8d, 0x14, 0x5e,
    0x83, 0xfb, 0xfa, 0x0,

    /* U+4ECA "今" */
    0xf, 0xf9, 0xf, 0xfe, 0x47, 0x21, 0xff, 0xc6,
    0xc1, 0x7, 0xff, 0x17, 0x18, 0xc3, 0xff, 0x87,
    0x8c, 0xc6, 0x1f, 0xfc, 0x7, 0x18, 0xc, 0x68,
    0x7f, 0x50, 0xa2, 0x13, 0x94, 0xf, 0x3a, 0x69,
    0x68, 0x5a, 0xb4, 0x2e, 0x1c, 0x2c, 0xa0, 0x54,
    0x2c, 0x11, 0xc1, 0xda, 0xa0, 0x9d, 0x80, 0xe1,
    0xfa, 0x70, 0xe9, 0xc, 0xd7, 0xe3, 0xac, 0x87,
    0xcb, 0xff, 0xc2, 0xf, 0x9f, 0xff, 0x91, 0x41,
    0xff, 0xc5, 0x51, 0x7, 0xff, 0x1a, 0x30, 0xff,
    0xe3, 0x64, 0x1f, 0xfc, 0x68, 0x50, 0x7f, 0xf1,
    0x65, 0x41, 0xff, 0xc5, 0x51, 0x7, 0xff, 0x19,
    0x58, 0x7f, 0x0,

    /* U+4F19 "伙" */
    0xf, 0xfe, 0x87, 0x7, 0x78, 0x3f, 0xf8, 0x11,
    0x7, 0xff, 0x1d, 0xf, 0xfe, 0x44, 0x41, 0xff,
    0xc7, 0x44, 0x1a, 0x1f, 0xbc, 0x1a, 0x10, 0xff,
    0xe3, 0x28, 0x32, 0x21, 0xf2, 0x41, 0x41, 0xd8,
    0x7f, 0x42, 0xc, 0x83, 0x21, 0xfe, 0x42, 0xa2,
    0x12, 0x21, 0xf4, 0x41, 0x28, 0x3d, 0x7, 0xd4,
    0xf, 0xf3, 0x84, 0x81, 0x2, 0x1f, 0xfc, 0x3c,
    0x10, 0x7f, 0xf1, 0x96, 0xf, 0xfe, 0x34, 0x71,
    0x7, 0xff, 0x11, 0x11, 0x60, 0xff, 0xe1, 0x66,
    0x8, 0x90, 0xff, 0x9c, 0x83, 0x45, 0x3, 0xfb,
    0x89, 0xc, 0xe3, 0x87, 0xe5, 0x68, 0x7d, 0xc8,

    /* U+4F1A "会" */
    0xf, 0xfe, 0xa5, 0xa1, 0xff, 0xc6, 0x50, 0x7f,
    0xf1, 0xe8, 0x34, 0xf, 0xfe, 0x1c, 0xae, 0x54,
    0x1f, 0xfc, 0x7, 0x54, 0xa, 0x3a, 0x1f, 0xd4,
    0x28, 0x19, 0xcb, 0x43, 0xad, 0x1e, 0xbe, 0x51,
    0x68, 0x24, 0xb5, 0xff, 0x79, 0x30, 0x53, 0x4f,
    0xff, 0x25, 0xc1, 0x21, 0xff, 0xc9, 0xaf, 0xfe,
    0x30, 0x65, 0xff, 0xe3, 0x6, 0xff, 0x3, 0xff,
    0xc1, 0xfd, 0x90, 0x6d, 0xf, 0xfe, 0x4, 0x48,
    0x66, 0x43, 0xfd, 0x2c, 0x1d, 0x32, 0x1f, 0xa5,
    0x40, 0x5a, 0x80, 0x90, 0xf6, 0x8f, 0xd5, 0x2c,
    0x8, 0x3c, 0x81, 0x55, 0x7f, 0xa2, 0xe, 0xbd,
    0x45, 0x83, 0xcd, 0x0,

    /* U+4F34 "伴" */
    0xf, 0xfe, 0x7b, 0xa1, 0xda, 0x1f, 0xfc, 0xc,
    0x74, 0x3f, 0x78, 0x3e, 0x61, 0x83, 0xe4, 0x83,
    0xd8, 0x98, 0x87, 0xa1, 0xe, 0x44, 0x9, 0x7,
    0x24, 0x1e, 0x8c, 0x29, 0xf, 0x28, 0x3b, 0xc,
    0xd9, 0x42, 0x99, 0x40, 0xa1, 0xb, 0x5e, 0x2,
    0xf0, 0x16, 0x82, 0xbf, 0x87, 0xf8, 0xa, 0x83,
    0xfe, 0xc3, 0xf4, 0x1f, 0xfe, 0x4b, 0xfc, 0x5f,
    0xe0, 0xfb, 0x5f, 0x1, 0x7c, 0x1f, 0x35, 0xe2,
    0xbe, 0xf, 0xff, 0xf8, 0x7f, 0xf6, 0x0,

    /* U+5145 "充" */
    0xf, 0xe4, 0x3f, 0xf9, 0x16, 0x1f, 0xfc, 0x78,
    0x83, 0xff, 0x8c, 0x87, 0xfc, 0xff, 0xf0, 0xff,
    0xe1, 0x7c, 0x12, 0xff, 0xc0, 0xae, 0x5, 0x77,
    0x5e, 0xf, 0x44, 0x84, 0xd8, 0x7f, 0xa5, 0x83,
    0x31, 0x87, 0xe9, 0x50, 0x79, 0x8d, 0xe, 0x91,
    0xff, 0xd0, 0x24, 0x3f, 0xe5, 0x86, 0xa2, 0xd,
    0x7d, 0x15, 0x80, 0xb5, 0x3, 0xf6, 0x21, 0xf9,
    0x41, 0xff, 0xd1, 0x43, 0xff, 0x8f, 0x10, 0x7f,
    0x9c, 0x3c, 0x88, 0x7f, 0xf1, 0x1c, 0x83, 0xfe,
    0xc2, 0x68, 0x48, 0x79, 0xac, 0x81, 0x95, 0xa1,
    0xe8, 0x5c, 0x43, 0x70, 0x7e, 0x7f, 0xc8,

    /* U+5165 "入" */
    0xf, 0xfe, 0x8c, 0x1f, 0xfc, 0x85, 0x68, 0x7f,
    0xf1, 0x98, 0x83, 0xff, 0x8e, 0xe6, 0x1f, 0xfc,
    0x88, 0x83, 0xff, 0x8e, 0x8a, 0xf, 0xfe, 0x32,
    0x8, 0x3f, 0xf8, 0xd8, 0x88, 0x7f, 0xf1, 0x52,
    0x20, 0xff, 0xe2, 0x22, 0x42, 0x1f, 0xfc, 0x38,
    0x84, 0x83, 0xff, 0x84, 0x88, 0x51, 0x7, 0xff,
    0x6, 0x20, 0x91, 0xf, 0xfe, 0x4, 0x21, 0xd1,
    0x87, 0xf9, 0x44, 0x1c, 0xa2, 0xf, 0xcc, 0x61,
    0xf4, 0x28, 0x3c, 0xc4, 0x1f, 0xd9, 0x40, 0xdc,
    0x48, 0x7f, 0xa1, 0xc1, 0x3, 0x43, 0xfe, 0x60,
    0xd4, 0xc3, 0xff, 0x84, 0xf8,

    /* U+5173 "关" */
    0xf, 0xfe, 0x6d, 0x87, 0xeb, 0x43, 0xf4, 0x41,
    0xf2, 0x21, 0xfc, 0xb0, 0x74, 0x41, 0xfe, 0x8c,
    0x39, 0x60, 0xfa, 0xb0, 0x2b, 0x63, 0x52, 0x19,
    0x70, 0xbc, 0x12, 0xd8, 0x6f, 0xf9, 0x3f, 0xe8,
    0x3f, 0xfe, 0xaf, 0xfe, 0x4f, 0xfe, 0x17, 0xf8,
    0x25, 0xfa, 0x5, 0x7d, 0x85, 0x5f, 0x21, 0xfd,
    0x11, 0x87, 0xff, 0xf, 0x15, 0x10, 0x7f, 0xf0,
    0x60, 0x42, 0xd8, 0x7f, 0x9d, 0x30, 0xa4, 0xd0,
    0xf3, 0xc5, 0x87, 0x50, 0xb4, 0xf, 0xe, 0x87,
    0xce, 0x96, 0x2d, 0xc1, 0xff, 0x5b, 0x0,

    /* U+5174 "兴" */
    0xf, 0xfe, 0x8f, 0x7, 0xe5, 0x4, 0x87, 0x28,
    0x3f, 0x50, 0x14, 0x43, 0x64, 0x1e, 0x44, 0x11,
    0x6, 0x44, 0x3d, 0x10, 0x51, 0x6, 0x84, 0x32,
    0x21, 0x91, 0xc, 0x98, 0x68, 0x83, 0xa2, 0xe,
    0xc2, 0x88, 0x3c, 0x88, 0x6d, 0x9, 0x60, 0xfb,
    0xc1, 0xfb, 0x20, 0xff, 0xe3, 0x78, 0x3d, 0xff,
    0xfc, 0x78, 0x5f, 0xfe, 0x3e, 0x57, 0xff, 0x1d,
    0xf, 0x78, 0x39, 0xe0, 0xff, 0x42, 0x1c, 0xb4,
    0x1f, 0xa5, 0x41, 0xe9, 0x50, 0x7a, 0x48, 0x3f,
    0x4a, 0x83, 0x6a, 0xc3, 0xfd, 0x2a, 0x6, 0x30,
    0x7f, 0xf0, 0x25, 0x8e, 0x81, 0xff, 0xc2, 0xa2,

    /* U+529F "功" */
    0xf, 0xfe, 0xb7, 0x7, 0xff, 0x43, 0xff, 0x7,
    0xff, 0x5, 0x60, 0x2c, 0x1f, 0xfc, 0x1a, 0x92,
    0xa6, 0xa1, 0xae, 0x43, 0xfb, 0x58, 0xb, 0xd8,
    0x7f, 0x5f, 0xf, 0xe0, 0xff, 0xe2, 0x61, 0xff,
    0xc6, 0x43, 0xff, 0x94, 0x87, 0x61, 0xff, 0xc0,
    0xc3, 0xff, 0x90, 0x87, 0x21, 0xf9, 0xb8, 0x24,
    0x3f, 0xca, 0x24, 0xc8, 0x83, 0xc9, 0xe8, 0x17,
    0x91, 0xf, 0x61, 0x9b, 0xc8, 0x51, 0x7, 0xf7,
    0x21, 0xca, 0x10, 0xe4, 0x3f, 0xcc, 0x61, 0xf2,
    0x1f, 0xa8, 0x61, 0x55, 0x98, 0x7f, 0xb0, 0xcb,
    0xa, 0xf, 0xd6, 0x1d, 0xfa, 0x0,

    /* U+5355 "单" */
    0xf, 0xfe, 0x63, 0x87, 0xeb, 0xf, 0xc9, 0x87,
    0xca, 0xf, 0xe8, 0x83, 0xb2, 0xf, 0x2c, 0x5,
    0xe8, 0x5c, 0x1b, 0xa8, 0x15, 0x91, 0xa8, 0x3d,
    0xfc, 0xf, 0xe4, 0x3f, 0xf9, 0xff, 0xc0, 0xfe,
    0x43, 0xea, 0xe0, 0x57, 0x7, 0xe5, 0xe0, 0x2f,
    0x83, 0xff, 0x8e, 0x87, 0xdf, 0xc0, 0xfe, 0xf,
    0x5f, 0xe0, 0x7f, 0xc1, 0xff, 0xca, 0x6b, 0xf0,
    0x2b, 0xfb, 0x5f, 0xc0, 0x5f, 0xeb, 0xff, 0x3,
    0xff, 0x83, 0xff, 0xe0,

    /* U+53D6 "取" */
    0x17, 0xfc, 0x1f, 0xfc, 0xa, 0xff, 0x7, 0xff,
    0x3, 0x8f, 0xc5, 0xff, 0xe4, 0x3f, 0xf8, 0x10,
    0x17, 0x84, 0x3f, 0xf8, 0xa, 0x2b, 0x7, 0xef,
    0xc1, 0xb0, 0xe4, 0x3e, 0x68, 0x86, 0x44, 0x32,
    0x1e, 0x95, 0x7, 0xb0, 0xd8, 0x7f, 0xf0, 0xd4,
    0x8, 0x43, 0xc8, 0x10, 0xec, 0x24, 0x3f, 0x5e,
    0x83, 0x92, 0x48, 0x3e, 0xbd, 0x7, 0x95, 0x88,
    0x7c, 0x81, 0xf, 0x62, 0x83, 0xff, 0x83, 0xa1,
    0x20, 0x83, 0xf2, 0xac, 0x64, 0x8, 0x10, 0xee,
    0x28, 0x81, 0xd0, 0x40, 0x83, 0x96, 0xbe, 0x30,
    0xb3, 0xc6, 0x1a, 0xa4, 0x3e, 0xc8, 0x11, 0x87,
    0xff, 0x7, 0x24, 0xa, 0x30, 0xff, 0xe0, 0xc8,
    0x6a, 0x83, 0xfb, 0x4d, 0xf, 0x28,

    /* U+5438 "吸" */
    0xf, 0xfe, 0x52, 0xf1, 0xff, 0xe0, 0xcd, 0x71,
    0x44, 0xac, 0x21, 0xef, 0x40, 0x50, 0x17, 0x18,
    0x7e, 0x43, 0xf9, 0x10, 0xff, 0xe3, 0x61, 0xff,
    0xc3, 0x43, 0x28, 0x3f, 0xf8, 0xc8, 0xfc, 0x1f,
    0xfc, 0x14, 0x6a, 0xf, 0xfe, 0x1c, 0x5, 0x84,
    0x3f, 0xc8, 0x7c, 0x98, 0x7f, 0xb3, 0x20, 0xb1,
    0xd, 0x50, 0x48, 0x16, 0x15, 0x7, 0x2c, 0x19,
    0x22, 0x21, 0xe, 0xfc, 0x44, 0xc, 0xcc, 0x3f,
    0xe4, 0x39, 0xf, 0x9c, 0x34, 0x41, 0x48, 0x30,
    0xfe, 0x5c, 0x3a, 0xb8, 0xe0, 0xfa, 0x21, 0x8a,
    0xe, 0xac, 0x3d, 0x60, 0x6d, 0xd, 0x78,

    /* U+5440 "呀" */
    0xf, 0xd5, 0xff, 0x20, 0xae, 0x17, 0xff, 0x81,
    0xb, 0xfb, 0xfe, 0x8b, 0xc1, 0x7c, 0x1b, 0x43,
    0xff, 0xb6, 0x88, 0x7f, 0xf6, 0xf0, 0xff, 0xe4,
    0x27, 0xf4, 0x5e, 0xf, 0xe5, 0xf0, 0x4b, 0x7,
    0xf5, 0x76, 0x17, 0x40, 0xff, 0xe0, 0xb1, 0x7,
    0xff, 0x11, 0x8c, 0x3f, 0x7c, 0x1c, 0xc4, 0x1f,
    0xcb, 0x82, 0xa1, 0x21, 0xfd, 0x59, 0x34, 0xd0,
    0xfc, 0xe1, 0xac, 0x18, 0x7f, 0xf1, 0x9c, 0x3f,
    0xf8, 0xb7, 0x5, 0x58, 0x43, 0xff, 0x88, 0xa1,
    0xf, 0xfe, 0x25, 0xf4, 0x18,

    /* U+547C "呼" */
    0xf, 0xfe, 0x1b, 0x68, 0x7e, 0x55, 0x3f, 0x49,
    0x8f, 0xf1, 0xcb, 0x2, 0xfa, 0x9, 0x82, 0xbe,
    0x91, 0xf, 0xa5, 0x5, 0xa1, 0xf7, 0x83, 0xfd,
    0x87, 0xe4, 0x3f, 0xa4, 0x3d, 0x10, 0x7f, 0x22,
    0x1c, 0xa0, 0xff, 0xe0, 0x61, 0x92, 0xf, 0xfa,
    0x81, 0x98, 0x3f, 0xde, 0xbc, 0x9e, 0xbd, 0x7,
    0xcb, 0xc1, 0x2e, 0xb, 0xc8, 0x2b, 0x93, 0xae,
    0x2, 0xe0, 0xff, 0xe2, 0x56, 0xf, 0xfe, 0xb3,
    0x87, 0xff, 0x8e, 0xa4, 0x3f, 0xf8, 0xaa, 0x20,
    0xff, 0xe1, 0xdf, 0x21, 0xe0,

    /* U+54C8 "哈" */
    0xf, 0xfe, 0xa, 0x1f, 0xfc, 0x7a, 0x7, 0xe5,
    0xe0, 0xf2, 0x41, 0xe6, 0xb9, 0xd, 0x12, 0x83,
    0xef, 0x83, 0x95, 0x2a, 0xf, 0xfe, 0x1c, 0xa2,
    0x30, 0xff, 0xe0, 0xe4, 0x16, 0x61, 0xfe, 0x71,
    0x7e, 0x34, 0x3e, 0xe1, 0x55, 0xce, 0x61, 0xf7,
    0x77, 0xfc, 0x70, 0x7e, 0x43, 0xff, 0x94, 0xbf,
    0xc1, 0xff, 0x57, 0xf8, 0x3a, 0xa0, 0xea, 0xf0,
    0x7c, 0xb0, 0x72, 0xfc, 0x1e, 0xfc, 0x87, 0xff,
    0x5d, 0xc3, 0xff, 0xa3, 0xfe, 0x43, 0xff, 0x84,
    0xbe, 0xf, 0xfe, 0x1d, 0x79, 0xc,

    /* U+54E6 "哦" */
    0xf, 0xfe, 0x12, 0x1f, 0xfc, 0x46, 0xca, 0x10,
    0x4f, 0xf0, 0xdc, 0xc1, 0x98, 0x35, 0x12, 0x88,
    0xe8, 0x69, 0x41, 0x2b, 0x2f, 0x7, 0xe5, 0x41,
    0xff, 0xc7, 0xb0, 0xff, 0xe8, 0x5e, 0x1f, 0x87,
    0xf0, 0x7d, 0xa8, 0xb, 0x1, 0x70, 0x7c, 0xd0,
    0x6a, 0x4a, 0x70, 0x7f, 0xf1, 0x98, 0x3f, 0xf8,
    0x48, 0x68, 0x3f, 0xe4, 0x7a, 0x62, 0x41, 0xec,
    0xb8, 0x17, 0x2, 0x10, 0xde, 0x4e, 0xc5, 0x1,
    0x6, 0x1d, 0xf9, 0x41, 0xf9, 0xf, 0xfe, 0x36,
    0x1a, 0x18, 0x3f, 0xe8, 0x50, 0x10, 0x21, 0xfe,
    0x9a, 0x8, 0x7f, 0x34, 0x4, 0xc8, 0xd0, 0x3f,
    0x94, 0x54, 0x82, 0x18, 0x3e, 0x7e, 0x2, 0x1b,
    0xc8,

    /* U+54ED "哭" */
    0x9, 0x7e, 0x2, 0xfc, 0x1d, 0x5f, 0x60, 0xaf,
    0xc1, 0xef, 0xc1, 0xd7, 0xe0, 0xff, 0xf4, 0x2e,
    0xe, 0xd7, 0x7, 0xea, 0xc1, 0xcd, 0x60, 0xf5,
    0xfe, 0xab, 0xd3, 0xf4, 0x1f, 0xfc, 0x4, 0x33,
    0xa1, 0xff, 0xc6, 0x76, 0x81, 0xab, 0xf8, 0x6b,
    0x5, 0x40, 0x2f, 0xf0, 0x17, 0x85, 0x81, 0xff,
    0x83, 0x7f, 0xe0, 0xfe, 0x4a, 0x10, 0x7f, 0xf1,
    0x21, 0x42, 0x83, 0xff, 0x85, 0x98, 0x32, 0x43,
    0xfe, 0xb2, 0xd, 0x96, 0x87, 0x9b, 0x4d, 0xe,
    0xd2, 0xe4, 0x1c, 0x96, 0x1f, 0xad, 0x18, 0x14,
    0xf2, 0x1f, 0xf5, 0xf0,

    /* U+5668 "器" */
    0x9, 0x7e, 0x2, 0xfc, 0x1e, 0xaf, 0x60, 0xaf,
    0x90, 0xf5, 0xf0, 0x73, 0xf4, 0x1f, 0xfe, 0x8b,
    0xe0, 0xe7, 0xe8, 0x3e, 0xaf, 0x11, 0x41, 0xa9,
    0xe, 0x5f, 0x80, 0xa1, 0xd4, 0x1f, 0xf6, 0x61,
    0x6a, 0x83, 0xbf, 0xe0, 0x5f, 0x91, 0xf8, 0x1f,
    0xa0, 0x5f, 0x80, 0xff, 0x7, 0x31, 0x21, 0xb5,
    0x41, 0xfa, 0x86, 0x87, 0xa8, 0xf2, 0x15, 0xa0,
    0xfa, 0x5, 0xe8, 0xd, 0x84, 0x8d, 0x41, 0xea,
    0x91, 0x40, 0xa1, 0xac, 0x1e, 0x5b, 0x38, 0x3f,
    0xfc, 0xba, 0xc1, 0xe5, 0xb0, 0xfc, 0xd4, 0x1e,
    0xa9, 0xc,

    /* U+56DE "回" */
    0x2b, 0xff, 0x8c, 0x5, 0xff, 0xe3, 0x4, 0xff,
    0xff, 0x9, 0xf, 0xff, 0x22, 0xff, 0x7, 0xfd,
    0x5f, 0xb0, 0xff, 0xe0, 0x5f, 0xc1, 0xff, 0xff,
    0xf, 0xfe, 0x3d, 0xfc, 0x1f, 0xfc, 0x15, 0xfd,
    0x87, 0xfd, 0x5f, 0x90, 0xff, 0xf1, 0xbf, 0xff,
    0xc2, 0x43, 0x97, 0xff, 0x84, 0x1c, 0xd7, 0xff,
    0x9, 0x0,

    /* U+5929 "天" */
    0x1a, 0xff, 0xe2, 0x85, 0xaf, 0xff, 0x14, 0x2b,
    0xfe, 0x7, 0xfe, 0xf, 0xff, 0xf8, 0x7f, 0xcf,
    0xfe, 0x7, 0xff, 0xb, 0xf8, 0x32, 0xfe, 0x5,
    0x7c, 0x85, 0x5f, 0x83, 0xf9, 0x21, 0xf, 0xfe,
    0x1a, 0x28, 0x83, 0xff, 0x87, 0x11, 0x10, 0x7f,
    0xf0, 0x72, 0x2, 0xe0, 0xff, 0xb1, 0x41, 0x44,
    0x87, 0xe7, 0x28, 0x1d, 0x94, 0xe, 0x78, 0x90,
    0xfb, 0x57, 0x2, 0x83, 0xa1, 0xfd, 0x41, 0xc9,
    0xe0, 0xff, 0xe0, 0x3d, 0x0,

    /* U+5931 "失" */
    0xf, 0xe5, 0x7, 0xff, 0xb, 0xc1, 0x50, 0x3f,
    0xf8, 0x28, 0x87, 0xff, 0x1b, 0x20, 0xff, 0xe3,
    0x25, 0x60, 0x57, 0xc1, 0xd0, 0x17, 0x1, 0x7e,
    0xe, 0x4f, 0xe0, 0x7f, 0xc1, 0xa2, 0xf, 0xfe,
    0x2a, 0xe0, 0xff, 0xe2, 0xbc, 0x1f, 0x21, 0xfe,
    0x6b, 0xf0, 0xd7, 0xf1, 0xaf, 0xe0, 0x2f, 0xf1,
    0x7f, 0xc8, 0x5f, 0xf8, 0x3f, 0x92, 0x10, 0xff,
    0xe1, 0xc4, 0x90, 0x7f, 0xf0, 0xa5, 0x88, 0x83,
    0xff, 0x81, 0x24, 0x5, 0xa0, 0xff, 0x69, 0x86,
    0x95, 0xa1, 0xeb, 0x1c, 0x3d, 0x42, 0xd0, 0x5a,
    0x70, 0x7e, 0x74, 0xb2, 0x7c, 0x1f, 0xfc, 0xb,
    0xa0,

    /* U+5947 "奇" */
    0xf, 0xe5, 0x7, 0xff, 0x1b, 0x83, 0xfc, 0xbf,
    0xc2, 0xfe, 0x7, 0x5f, 0x2, 0xbf, 0x2, 0xff,
    0x1, 0xff, 0xc1, 0xfa, 0x3, 0xc8, 0x7f, 0xce,
    0xaf, 0x4d, 0xc1, 0xcd, 0xe9, 0xe0, 0x3e, 0x57,
    0x5, 0xaa, 0xe0, 0xfa, 0xe0, 0xb4, 0x6f, 0xff,
    0xa7, 0xd2, 0xff, 0xf0, 0x80, 0xba, 0xbf, 0xf8,
    0x40, 0xa8, 0x25, 0xfc, 0x1f, 0xf5, 0x7f, 0x7,
    0xff, 0x7, 0xfa, 0xf, 0xff, 0x57, 0xf4, 0x1f,
    0xfc, 0x2f, 0xf8, 0x3f, 0xed, 0xf, 0xab, 0x7,
    0xcc, 0x1f, 0x96, 0x30, 0x80,

    /* U+594B "奋" */
    0xf, 0xf2, 0x83, 0xff, 0x91, 0x40, 0xff, 0xe4,
    0xa1, 0xff, 0xc0, 0xaf, 0xc0, 0xaf, 0xc8, 0x4b,
    0xf8, 0x5f, 0xe0, 0xdf, 0xe4, 0xa1, 0x7f, 0x90,
    0xfc, 0xbe, 0x90, 0xff, 0xe0, 0xb1, 0x2, 0x24,
    0x3f, 0xea, 0x18, 0x6d, 0xa0, 0x7c, 0xda, 0x41,
    0xe9, 0x5c, 0x85, 0xc8, 0x57, 0xfc, 0x81, 0xb0,
    0x53, 0x7, 0xe0, 0x7e, 0x7, 0x60, 0x50, 0x7f,
    0xf1, 0x10, 0xff, 0xe9, 0x7e, 0x7, 0xe0, 0xff,
    0xe0, 0x7e, 0x7, 0xe0, 0xff, 0xf6, 0x7e, 0x7,
    0xe0, 0xff, 0xe0, 0x57, 0xf8, 0x3f, 0xf8, 0xb,
    0xfe, 0xf, 0x0,

    /* U+597D "好" */
    0xc, 0x87, 0xff, 0x26, 0x43, 0xff, 0x8e, 0x88,
    0x6b, 0xff, 0x83, 0xb0, 0xf6, 0xbe, 0xf, 0xfe,
    0x1b, 0x5e, 0x6, 0x17, 0x93, 0xf0, 0x7d, 0x10,
    0x65, 0x1, 0x41, 0xfa, 0x64, 0x35, 0x95, 0x21,
    0xe5, 0x48, 0x7b, 0x10, 0xff, 0x90, 0xf9, 0xc,
    0xa0, 0xec, 0x3f, 0xc8, 0x75, 0xf9, 0x3f, 0x80,
    0x98, 0x12, 0xd7, 0x1, 0x78, 0x19, 0x82, 0x3,
    0x5c, 0x57, 0x2, 0x56, 0x88, 0x7f, 0xf1, 0x28,
    0x44, 0x1f, 0xfc, 0x56, 0x4, 0x1f, 0xfc, 0x68,
    0xc, 0x1f, 0xfc, 0x48, 0xb1, 0x41, 0xff, 0xc2,
    0x96, 0x35, 0x7, 0xff, 0x7, 0x54, 0x14, 0x6,
    0xa0, 0xfc, 0xd0, 0x3f, 0x28, 0x43, 0xe9, 0xf,
    0xcf, 0xd0, 0x78,

    /* U+5B9A "定" */
    0xf, 0xf2, 0x83, 0xff, 0x91, 0x40, 0xff, 0xe4,
    0x22, 0x1f, 0xf7, 0xfe, 0x4b, 0xfe, 0xf, 0x2f,
    0xff, 0x8, 0x3e, 0x6b, 0xff, 0x86, 0x1f, 0xfd,
    0xc, 0xaf, 0xfe, 0x8, 0x7b, 0x45, 0xff, 0xe0,
    0xe, 0x1f, 0x7f, 0x27, 0xf4, 0x1f, 0xfd, 0x3f,
    0x7, 0xff, 0x25, 0xe, 0x97, 0x83, 0xf2, 0x61,
    0xcd, 0x72, 0x1f, 0x66, 0x1d, 0xfe, 0x43, 0xe4,
    0x43, 0xff, 0x8c, 0x89, 0x7, 0xff, 0x16, 0x28,
    0xc1, 0xff, 0xc3, 0x44, 0x5b, 0x43, 0xff, 0x80,
    0xc4, 0xa, 0x5, 0xea, 0xf8, 0x19, 0x86, 0x79,
    0x2, 0xf8, 0x2b, 0xf, 0x9b, 0xff, 0x40,

    /* U+5BC6 "密" */
    0xf, 0xe5, 0x7, 0xff, 0x1e, 0x81, 0xff, 0x57,
    0xe0, 0x57, 0xe4, 0xb, 0xf8, 0xb, 0xfb, 0x9,
    0xfd, 0x4f, 0xfe, 0xf, 0xfa, 0xd0, 0xb4, 0x3e,
    0xc2, 0x8d, 0x93, 0x10, 0xf6, 0xe8, 0x82, 0x86,
    0x66, 0x70, 0x50, 0x87, 0x71, 0x85, 0x86, 0x54,
    0x19, 0xdb, 0x5, 0x98, 0x19, 0x41, 0x51, 0xd0,
    0x28, 0xcc, 0x54, 0xd8, 0x1d, 0x74, 0x14, 0x89,
    0xca, 0x86, 0xb8, 0x80, 0xc0, 0x57, 0xa7, 0xd3,
    0xf9, 0xe, 0x79, 0xe, 0xd0, 0xe6, 0xf, 0x48,
    0x7f, 0xda, 0x1f, 0xfe, 0x5b, 0xf2, 0x7f, 0x21,
    0xf2, 0xff, 0xf0, 0x43, 0xf5, 0x7f, 0xf0, 0x50,
    0xc0,

    /* U+5BF9 "对" */
    0xf, 0xfe, 0x2a, 0x1f, 0xfc, 0x99, 0xf, 0xfe,
    0x7a, 0xfe, 0xf, 0xfe, 0xb, 0x5f, 0x83, 0xff,
    0x82, 0xff, 0x83, 0xff, 0x96, 0xaf, 0xf1, 0x78,
    0x3f, 0xe5, 0xf8, 0x58, 0x26, 0x9, 0x32, 0xbc,
    0x74, 0xb, 0x60, 0x62, 0x1f, 0xfc, 0x29, 0x50,
    0x85, 0x61, 0xff, 0xc0, 0x95, 0x90, 0x31, 0xf,
    0xfe, 0x4, 0x81, 0x2, 0x41, 0xff, 0xc1, 0x80,
    0x85, 0x8, 0x7f, 0xf0, 0x20, 0x41, 0x26, 0x1f,
    0xfc, 0x4, 0xcc, 0x2a, 0x7, 0xfd, 0x99, 0x10,
    0x10, 0xff, 0xa2, 0x2, 0x61, 0xff, 0xc1, 0x91,
    0xb, 0x43, 0xff, 0x81, 0x2b, 0xf, 0xcd, 0x30,
    0xf6, 0xc1, 0xfe, 0x50, 0xa0, 0xcc, 0x1f, 0xe7,
    0xe8, 0x30,

    /* U+5C0F "小" */
    0xf, 0xf5, 0x87, 0xff, 0x21, 0xf, 0xff, 0xf8,
    0x79, 0x83, 0xfd, 0x21, 0xfa, 0x43, 0xfc, 0xc1,
    0xfc, 0x87, 0xf9, 0x10, 0xf2, 0x61, 0xfe, 0x88,
    0x3d, 0x88, 0x7f, 0xc8, 0x87, 0x21, 0xff, 0xc1,
    0x88, 0x34, 0x41, 0xff, 0xc1, 0x44, 0x24, 0x43,
    0xff, 0x83, 0x10, 0x22, 0xf, 0xfe, 0x3a, 0xc1,
    0xff, 0xc3, 0x44, 0xe0, 0xff, 0xe2, 0x5a, 0x1f,
    0xfe, 0x6a, 0xc1, 0xff, 0xc7, 0x5d, 0x87, 0xff,
    0x12, 0xfa, 0xf, 0xf8,

    /* U+5C55 "展" */
    0x9, 0x7f, 0xf8, 0x81, 0xea, 0xff, 0xe2, 0x87,
    0x9f, 0xff, 0xe0, 0x87, 0xff, 0x49, 0xff, 0xfe,
    0x8, 0x7f, 0x54, 0xb5, 0x4b, 0x53, 0xf, 0x2e,
    0x9d, 0x69, 0xd6, 0xf, 0xfe, 0x36, 0x1f, 0xe7,
    0xe2, 0xfc, 0x3f, 0x7, 0xcd, 0x43, 0x58, 0x6a,
    0xf, 0xcb, 0x1a, 0xe3, 0x58, 0x3e, 0x5c, 0x6b,
    0x8d, 0x70, 0x7a, 0xb0, 0xd6, 0x1a, 0xc1, 0x27,
    0xc9, 0xf0, 0x3f, 0x3e, 0xb, 0x10, 0xfb, 0x21,
    0xd4, 0x19, 0xf, 0xf2, 0xb9, 0xd0, 0xe4, 0x3f,
    0xb4, 0x10, 0x74, 0x41, 0x25, 0x3e, 0x93, 0x43,
    0x28, 0x28, 0x9, 0x71, 0x65, 0xc0, 0xb0, 0xa7,
    0xd2, 0x1d, 0xe7, 0x0,

    /* U+5DF2 "已" */
    0xf, 0xfe, 0x4f, 0xff, 0xf1, 0x3, 0x2f, 0xff,
    0x8, 0x3d, 0x5f, 0xfc, 0x24, 0x3f, 0xf9, 0xca,
    0xf, 0xfe, 0x37, 0x7, 0xff, 0x72, 0xbf, 0xe4,
    0x3f, 0x2f, 0xfc, 0x1f, 0xdf, 0xff, 0x21, 0xff,
    0xc7, 0xb0, 0xff, 0xf8, 0xf0, 0x7f, 0xf6, 0x50,
    0xff, 0xe3, 0xe6, 0xc, 0xeb, 0xfe, 0xd1, 0x3,
    0xb, 0xff, 0xe, 0x0,

    /* U+5E86 "庆" */
    0xf, 0xfe, 0xa7, 0x83, 0xff, 0x91, 0x10, 0x7f,
    0xcd, 0x7d, 0x8d, 0x7e, 0xc, 0xbf, 0x80, 0xbf,
    0x83, 0xbf, 0xf3, 0x7f, 0xc1, 0xff, 0xc0, 0x50,
    0x7f, 0xf8, 0x10, 0xff, 0xe0, 0xdf, 0xd1, 0xff,
    0x21, 0xed, 0x78, 0xb, 0xf8, 0x2c, 0xd, 0x70,
    0x55, 0xe0, 0xff, 0xe0, 0x20, 0x43, 0xff, 0x8d,
    0x19, 0x7, 0xf2, 0x1e, 0x44, 0x54, 0x1f, 0xc8,
    0x74, 0x44, 0x28, 0x3f, 0x61, 0xa2, 0xb, 0x24,
    0x39, 0xe, 0x96, 0xd, 0x14, 0xd, 0x8, 0xea,
    0x83, 0x9c, 0x74, 0x24, 0x62, 0x81, 0xfb, 0x4c,
    0x1c, 0x36, 0x87, 0xfa, 0xa0,

    /* U+5EA6 "度" */
    0xf, 0xf3, 0x7, 0xff, 0x21, 0x83, 0xfe, 0xaf,
    0xb1, 0xaf, 0x90, 0x2f, 0xf0, 0x17, 0xec, 0x35,
    0xff, 0xfc, 0x38, 0x32, 0x15, 0x87, 0x58, 0x7e,
    0x42, 0x43, 0xc8, 0x7f, 0xbe, 0x7, 0xf0, 0x3e,
    0x43, 0xbe, 0x4f, 0xe4, 0xf9, 0xc, 0x87, 0xff,
    0x39, 0x7c, 0x1f, 0xfc, 0x3a, 0xe0, 0xfd, 0x87,
    0x5f, 0xf8, 0x3f, 0xbf, 0xff, 0x83, 0x6, 0x41,
    0x44, 0x6b, 0xc0, 0x83, 0x91, 0x50, 0xbe, 0xc8,
    0x3d, 0x86, 0xcd, 0x1d, 0x90, 0xc8, 0x7d, 0xb7,
    0x1a, 0x1d, 0x8, 0x4d, 0xa1, 0xb9, 0xe, 0x4b,
    0xd2, 0xaf, 0xa5, 0x5e, 0x8a, 0x14, 0xfa, 0x42,
    0x6f, 0x4c,

    /* U+5F00 "开" */
    0xf, 0xfe, 0x4f, 0xff, 0xf1, 0x80, 0xb8, 0xb,
    0xe0, 0x2e, 0x5, 0x71, 0x5e, 0x4a, 0xc1, 0xff,
    0xff, 0xf, 0xfb, 0xf, 0xfe, 0x17, 0xf2, 0x7f,
    0x93, 0xfa, 0x5c, 0x5, 0xf0, 0x17, 0xd5, 0x81,
    0x5e, 0x4a, 0xe0, 0xf2, 0x1f, 0xfc, 0x54, 0xc3,
    0xff, 0x8b, 0x88, 0x7f, 0xf1, 0x16, 0xf, 0xfe,
    0x2c, 0x41, 0xff, 0xc4, 0xc8, 0x3f, 0xf8, 0x6e,
    0x28, 0x3f, 0xf8, 0x69, 0x40, 0xff, 0xe2, 0xe8,
    0x7f, 0xac, 0x38,

    /* U+5F20 "张" */
    0x2b, 0xc1, 0x70, 0x7f, 0x97, 0xc1, 0xfe, 0xf0,
    0x5f, 0x90, 0xff, 0x24, 0x1f, 0xfc, 0x56, 0x50,
    0x7f, 0xf1, 0x18, 0x83, 0x35, 0x21, 0xf5, 0xc,
    0x3b, 0x58, 0x3e, 0x5b, 0xf, 0xdf, 0x83, 0x9e,
    0xf, 0xfe, 0xd, 0xe1, 0xff, 0xc0, 0x43, 0xb5,
    0x1, 0x40, 0x5c, 0x19, 0x7a, 0x83, 0x41, 0xac,
    0x1a, 0xb0, 0x7e, 0x43, 0xdf, 0x90, 0xfd, 0x7,
    0xfc, 0x87, 0xe4, 0x83, 0xff, 0x8e, 0xa0, 0xff,
    0x21, 0xfa, 0x20, 0xff, 0xe2, 0x30, 0xb0, 0x7e,
    0xc3, 0x3c, 0x91, 0x20, 0x5b, 0x10, 0x41, 0x58,
    0x32, 0x4e, 0x82, 0x12, 0x5a, 0x1b, 0x51, 0x7d,
    0x5, 0xe4, 0x3e, 0x80,

    /* U+5FC3 "心" */
    0xf, 0xfe, 0x96, 0x87, 0xff, 0x26, 0x81, 0xff,
    0xc7, 0xd5, 0x87, 0xff, 0x1e, 0x86, 0x1f, 0xfc,
    0x76, 0x30, 0xff, 0xe1, 0x30, 0x4c, 0x87, 0xff,
    0xb, 0x43, 0x30, 0x48, 0x79, 0xd0, 0xff, 0xe0,
    0x50, 0x3e, 0x43, 0xff, 0x82, 0x87, 0x61, 0xff,
    0xc2, 0x84, 0x32, 0x1f, 0xfc, 0x24, 0x83, 0x90,
    0xff, 0xe1, 0x21, 0x93, 0xf, 0xfe, 0x16, 0x40,
    0xc3, 0xff, 0x82, 0xc2, 0x20, 0x44, 0x3f, 0xed,
    0x2, 0x12, 0x83, 0xff, 0x89, 0x60, 0xa0, 0x7f,
    0xf0, 0x10, 0xff, 0xe0, 0x67, 0x5d, 0x90, 0x7f,
    0xca, 0x17, 0x85, 0x7, 0x0,

    /* U+601D "思" */
    0x9, 0xaf, 0xfe, 0x12, 0x1d, 0x2f, 0xff, 0xb,
    0xf, 0x3f, 0xc3, 0xfc, 0x1f, 0xfd, 0xd4, 0x3f,
    0x3f, 0xc3, 0xfa, 0xf, 0xcf, 0xf0, 0xff, 0x7,
    0xff, 0x99, 0xfe, 0x1f, 0xe0, 0xfa, 0xbf, 0xf8,
    0x81, 0xcb, 0xe8, 0x5f, 0x83, 0xfe, 0x4a, 0x7,
    0xff, 0x1, 0x43, 0x3a, 0xb0, 0x9c, 0x3d, 0x66,
    0x82, 0x86, 0x4, 0x83, 0x26, 0x1e, 0x6c, 0x25,
    0x82, 0x84, 0x3e, 0x41, 0xb1, 0x1, 0x20, 0xff,
    0x21, 0x42, 0x42, 0x1a, 0xbe, 0x11, 0x33, 0xc1,
    0x42, 0xf8, 0x82, 0xe0,

    /* U+60C5 "情" */
    0xf, 0xfe, 0x6d, 0x87, 0xee, 0xf, 0xfe, 0x15,
    0xfc, 0x3f, 0xc8, 0x7e, 0xaf, 0x2, 0xb9, 0xf,
    0x50, 0x5e, 0x17, 0xc1, 0x38, 0x34, 0xfe, 0x1f,
    0xe0, 0xb4, 0x8, 0xff, 0xf, 0xf0, 0x7e, 0x85,
    0xe1, 0x7e, 0x3, 0x84, 0xd7, 0x81, 0x5e, 0x9,
    0xd, 0xff, 0xfc, 0x20, 0x21, 0xeb, 0xff, 0xc8,
    0x50, 0x7e, 0xaf, 0xc1, 0xff, 0xc2, 0x5f, 0xc1,
    0xff, 0xc2, 0xff, 0xc1, 0xff, 0xc2, 0xaf, 0xc1,
    0xff, 0xc2, 0x5f, 0xc1, 0xff, 0xc2, 0xff, 0xc1,
    0xff, 0xc2, 0xaf, 0xc1, 0xff, 0xc2, 0x5f, 0xc1,
    0xff, 0xc7, 0x54, 0x1f, 0xfc, 0x7e, 0x58, 0x0,

    /* U+60CA "惊" */
    0xf, 0xfe, 0x63, 0x87, 0xee, 0xf, 0xfe, 0x3a,
    0x83, 0xff, 0x85, 0xfc, 0x9f, 0xd0, 0x73, 0x8b,
    0xff, 0xc0, 0xca, 0x1, 0x5, 0x7f, 0xf0, 0x11,
    0xe, 0x8a, 0xff, 0x6, 0xc2, 0x50, 0xbf, 0xf0,
    0x7d, 0x84, 0xff, 0xc1, 0x22, 0x13, 0x87, 0xff,
    0x9, 0xf, 0xfe, 0x3b, 0x7, 0xe7, 0xfe, 0xf,
    0xfe, 0x4, 0xb0, 0x17, 0x83, 0xfc, 0xd4, 0x95,
    0x83, 0xfe, 0x74, 0x3b, 0x43, 0xfe, 0x84, 0x39,
    0x83, 0xfc, 0x90, 0x7a, 0x20, 0xfe, 0x94, 0x1f,
    0x28, 0x3f, 0x64, 0x1f, 0xa2, 0xf, 0xb8, 0x14,
    0x43, 0xa8, 0x1f, 0x90, 0x28, 0x43, 0x20,

    /* U+6210 "成" */
    0xf, 0xf9, 0x41, 0xff, 0xc7, 0xa1, 0x68, 0x7f,
    0xf1, 0xa6, 0xc3, 0xff, 0x84, 0x85, 0x42, 0xd,
    0x5f, 0xc9, 0x56, 0x90, 0x4b, 0xfc, 0x5, 0xf8,
    0x33, 0xff, 0x27, 0xfc, 0x1f, 0xfc, 0xc, 0x43,
    0xfc, 0x87, 0xff, 0x7, 0x83, 0xdf, 0xc8, 0x86,
    0x88, 0x3d, 0x52, 0x1d, 0x81, 0xf, 0x97, 0x41,
    0xc8, 0x90, 0x7f, 0x90, 0xc8, 0x21, 0xf, 0xfe,
    0x1e, 0x64, 0x1f, 0xfc, 0x14, 0x8, 0x14, 0x1c,
    0x98, 0x58, 0x7d, 0x5, 0x3, 0x1b, 0xc8, 0x6c,
    0x8, 0x48, 0x10, 0x4a, 0xb0, 0x64, 0x40, 0x43,
    0x20, 0xa2, 0x39, 0x28, 0x8c, 0x11, 0x87, 0x50,
    0x92, 0x1d, 0x41, 0x21, 0xd9, 0xa1, 0x68, 0x22,
    0xc3, 0xce, 0x1e, 0xbc, 0x0,

    /* U+6211 "我" */
    0xf, 0xfe, 0x2, 0x1f, 0xfc, 0x26, 0xf1, 0x40,
    0x48, 0x73, 0x7d, 0x2a, 0x30, 0x99, 0x9, 0x91,
    0x1e, 0x42, 0x4c, 0x90, 0x3f, 0x41, 0xff, 0x64,
    0x1f, 0xfc, 0x7e, 0xf, 0xfe, 0x42, 0xb, 0xf0,
    0xfe, 0x8b, 0xfc, 0x6b, 0x80, 0xbc, 0x5, 0xf0,
    0xd6, 0x1a, 0xe1, 0xaf, 0x7, 0xff, 0x9, 0xb,
    0x83, 0xfe, 0x50, 0x85, 0x10, 0x79, 0x1f, 0x59,
    0x81, 0x50, 0x4d, 0xe8, 0xd, 0xc1, 0x50, 0x42,
    0xd1, 0x86, 0x42, 0x44, 0xc3, 0x5e, 0x90, 0xf9,
    0x6, 0x12, 0x1f, 0xfc, 0xa, 0x1, 0xa, 0x43,
    0xfd, 0x26, 0x41, 0x90, 0xfd, 0x6a, 0xc4, 0x84,
    0x26, 0xa0, 0xea, 0x2, 0x1e, 0x40, 0xbd, 0x16,
    0x86, 0xd0, 0x41, 0x7d, 0x7, 0xfa, 0xf0, 0x0,

    /* U+6269 "扩" */
    0xc, 0x87, 0xff, 0x26, 0x81, 0xf3, 0xa1, 0xff,
    0xc7, 0x48, 0x3f, 0xf9, 0x10, 0x87, 0xff, 0xa,
    0xfd, 0x17, 0xe0, 0x5e, 0x1f, 0x5, 0x5f, 0xe0,
    0x6a, 0x3, 0x4, 0xbf, 0xe0, 0x34, 0x19, 0xf,
    0xff, 0xa2, 0x83, 0xff, 0x8a, 0x8d, 0x3, 0xff,
    0x87, 0xe8, 0x16, 0x21, 0xff, 0xc1, 0x54, 0x28,
    0x3f, 0xf8, 0x94, 0x43, 0xc8, 0x7f, 0xf2, 0x70,
    0xff, 0xe3, 0xc2, 0x1f, 0xfc, 0x74, 0x3f, 0xf9,
    0x8, 0x87, 0xff, 0x5, 0xa1, 0x91, 0x7, 0xff,
    0x5, 0x78, 0x10, 0x7f, 0xf0, 0xfd, 0x3, 0x43,
    0xff, 0x82,

    /* U+626B "扫" */
    0xf, 0xfe, 0x65, 0x87, 0xff, 0x7e, 0xff, 0xf0,
    0x7f, 0x57, 0xf0, 0x5f, 0x27, 0xc2, 0xff, 0x2,
    0xa0, 0x54, 0x1f, 0xfc, 0x5, 0xc2, 0xc1, 0xff,
    0xdd, 0xaf, 0xc8, 0x7c, 0xd8, 0xbf, 0x82, 0x54,
    0x92, 0x8f, 0xfc, 0x82, 0x88, 0x3d, 0x7, 0xff,
    0x2, 0xf2, 0x1f, 0xfc, 0x44, 0x3f, 0xfe, 0xed,
    0x7e, 0x43, 0xfd, 0x2f, 0xe0, 0xd4, 0x43, 0x7f,
    0xf2, 0x12, 0x88, 0x3f, 0xf8, 0x9f, 0x21, 0xff,
    0xc0, 0xb0,

    /* U+63A5 "接" */
    0xc, 0x87, 0xff, 0x1d, 0x83, 0xe7, 0x43, 0xff,
    0x8c, 0x90, 0x7f, 0xf0, 0xbf, 0x81, 0xfc, 0x1f,
    0xdc, 0xd7, 0x9a, 0x3, 0xd1, 0xe4, 0x56, 0xba,
    0x58, 0x14, 0x46, 0x41, 0x28, 0x9, 0x6, 0x56,
    0x48, 0x4a, 0xa, 0x10, 0xff, 0x3f, 0x37, 0x81,
    0xf4, 0x1f, 0x35, 0x95, 0x5e, 0xc3, 0x98, 0x5e,
    0x17, 0xe0, 0x31, 0x28, 0x28, 0xc3, 0xe7, 0x81,
    0x7f, 0x25, 0xff, 0x2a, 0x44, 0xa8, 0x15, 0x92,
    0xa2, 0x70, 0xc8, 0x25, 0xe1, 0x60, 0xfe, 0x83,
    0x92, 0xf, 0xfe, 0x4, 0x5c, 0xc2, 0x1f, 0xfc,
    0x7, 0xca, 0x88, 0x3f, 0xf8, 0x6a, 0xa, 0xd0,
    0x9a, 0x4, 0xde, 0x8b, 0xd1, 0x40, 0x92, 0x6,
    0xab, 0xc8, 0x1d, 0x9, 0xf2, 0xb, 0x90, 0xfa,
    0x80,

    /* U+63CF "描" */
    0xc, 0x87, 0x90, 0xca, 0xf, 0x30, 0x7a, 0x42,
    0xe0, 0xff, 0xea, 0x2c, 0x6b, 0x1, 0x60, 0xfd,
    0x50, 0xd4, 0x95, 0x1e, 0x8f, 0x5f, 0xf, 0xc9,
    0xf1, 0x44, 0x68, 0x1b, 0xf, 0xe5, 0x64, 0x87,
    0xff, 0x37, 0x42, 0xb0, 0xff, 0xe0, 0x7f, 0xfc,
    0x1e, 0x64, 0xb, 0x85, 0xc1, 0x98, 0x90, 0xba,
    0x65, 0x58, 0x1e, 0x5, 0xa1, 0xff, 0xc1, 0x55,
    0x4, 0x36, 0xac, 0x5b, 0xa, 0x43, 0xe6, 0x89,
    0x52, 0x1f, 0xfc, 0xb, 0xd1, 0xf4, 0x1f, 0xfe,
    0xab, 0xd1, 0xf4, 0x13, 0x40, 0xf2, 0xff, 0x6,
    0x48, 0x3b, 0xaf, 0xb0, 0x0,

    /* U+65E0 "无" */
    0x3, 0xff, 0xfc, 0x48, 0x39, 0x7e, 0x2, 0xfd,
    0x86, 0x6b, 0xd9, 0x5f, 0x90, 0xff, 0xeb, 0xa1,
    0xff, 0xc7, 0xc3, 0xff, 0x82, 0xd7, 0xc9, 0x5f,
    0xe0, 0x4b, 0xf0, 0x17, 0xfc, 0xf, 0xfc, 0x20,
    0xff, 0xc1, 0xfc, 0x98, 0x7f, 0xf1, 0xf1, 0xf,
    0xfe, 0x3a, 0x1f, 0xfc, 0x88, 0x83, 0xff, 0x8e,
    0xb0, 0x7f, 0xf1, 0xb2, 0xf, 0xf5, 0x87, 0xb2,
    0xf, 0xfe, 0x2b, 0x8a, 0x9, 0xf, 0x90, 0xd4,
    0x28, 0x1e, 0xeb, 0x84, 0x1a, 0xb4, 0x3a, 0x45,
    0xf4, 0xf, 0x41, 0xfa, 0xff, 0x40,

    /* U+65E9 "早" */
    0x2, 0xff, 0xf1, 0x3, 0xba, 0xff, 0xe1, 0x61,
    0xf7, 0xff, 0xf0, 0x3, 0xff, 0xa4, 0xbf, 0xf4,
    0x1f, 0xd5, 0xff, 0x21, 0xfd, 0xff, 0xfc, 0x0,
    0xff, 0xe9, 0x7f, 0xff, 0x0, 0x3e, 0xd7, 0xc0,
    0x5f, 0x61, 0xcd, 0x78, 0x15, 0xe4, 0x3f, 0xfc,
    0x3f, 0xfc, 0xf, 0xfe, 0x17, 0xf8, 0xb, 0xfc,
    0x57, 0xf0, 0x2b, 0xf8, 0x3f, 0xff, 0xe1, 0xfe,

    /* U+662F "是" */
    0xc, 0xbf, 0xfc, 0x20, 0xfd, 0x5f, 0xfc, 0x24,
    0x3f, 0x5f, 0xfe, 0x83, 0xfd, 0xaf, 0xfb, 0xf,
    0xf3, 0x5f, 0xe4, 0x3f, 0xd7, 0xff, 0xa0, 0xff,
    0x6b, 0xfe, 0xc3, 0xfc, 0xd7, 0xf9, 0xf, 0xef,
    0xff, 0xe1, 0x21, 0xaf, 0xff, 0xe3, 0x83, 0x5f,
    0xc0, 0x5f, 0xd0, 0x1a, 0x8e, 0xa4, 0xaf, 0xc8,
    0x79, 0xc3, 0xff, 0x8e, 0x98, 0x77, 0xfc, 0x87,
    0xb3, 0xe, 0x6b, 0xc8, 0x79, 0x10, 0xe9, 0x7c,
    0x1e, 0x8c, 0xc3, 0xff, 0x88, 0xb1, 0x9a, 0x1f,
    0xfc, 0x28, 0x81, 0x92, 0x57, 0xf0, 0x33, 0xd,
    0xc8, 0xbf, 0xc0, 0xf0, 0x79, 0xbf, 0xfc, 0x0,

    /* U+6655 "晕" */
    0xb, 0xff, 0xf8, 0x50, 0x79, 0xff, 0xf4, 0x1f,
    0xfc, 0x74, 0x3f, 0x3f, 0xff, 0x7, 0xeb, 0xff,
    0xe0, 0xfd, 0x7f, 0xfc, 0x1f, 0x7f, 0xff, 0xa,
    0xb, 0xff, 0xf8, 0xc8, 0x1f, 0xd3, 0x7f, 0xd0,
    0x7f, 0x4a, 0xf, 0xfa, 0x7f, 0x3, 0xff, 0x51,
    0x1f, 0x92, 0xff, 0xf2, 0x1d, 0x32, 0xe, 0xf,
    0xfa, 0x4b, 0xe1, 0xff, 0x7, 0x57, 0xc0, 0xaf,
    0x7, 0x97, 0xc2, 0xfc, 0x17, 0xff, 0xf, 0xfe,
    0x2b, 0xf8, 0x15, 0xf8, 0x5f, 0xe1, 0x7f, 0x83,
    0xff, 0x90,

    /* U+671B "望" */
    0xc, 0x87, 0xff, 0x1e, 0x81, 0xdf, 0xf8, 0x5f,
    0xf0, 0x1a, 0xc8, 0x2b, 0x25, 0x60, 0x97, 0x5,
    0xe4, 0xff, 0x1, 0xfc, 0x87, 0xff, 0x9, 0xfc,
    0x87, 0xff, 0xb, 0xf, 0xfe, 0x1a, 0x25, 0xf9,
    0xc, 0x97, 0xd1, 0x97, 0xe4, 0x24, 0xa, 0xbc,
    0xb8, 0x3f, 0x2b, 0xd2, 0x8, 0x80, 0xf9, 0xd,
    0x7, 0xac, 0x26, 0xac, 0xf, 0xfd, 0x7f, 0x54,
    0x81, 0xaf, 0x81, 0x5f, 0x21, 0x2f, 0xc0, 0x5f,
    0x83, 0x97, 0xc0, 0x5f, 0x7, 0x35, 0xe0, 0x57,
    0x90, 0xcf, 0xf8, 0x1f, 0xe4, 0x3f, 0xf9, 0x4b,
    0xfc, 0x5, 0xfe, 0xaf, 0xe0, 0x57, 0xf0,

    /* U+672A "未" */
    0xf, 0xfe, 0xa5, 0x87, 0xff, 0xb7, 0xfe, 0x4f,
    0xf9, 0xe, 0x5f, 0x80, 0xbf, 0x7, 0xab, 0xe4,
    0xaf, 0x90, 0xff, 0xf1, 0xb5, 0xf9, 0x2b, 0xf8,
    0x25, 0xfc, 0x5, 0xfe, 0x3, 0xff, 0x6, 0xbf,
    0xe0, 0xfe, 0xc3, 0x41, 0xff, 0xc3, 0x89, 0x33,
    0xf, 0xfe, 0xc, 0xb0, 0x59, 0x87, 0xfd, 0x2a,
    0xe, 0x8d, 0xf, 0xda, 0xa0, 0xf3, 0x14, 0xe,
    0xb2, 0x81, 0xf9, 0xc7, 0x41, 0xa6, 0x87, 0xfd,
    0xa4, 0xe, 0xc3, 0xff, 0x85, 0x50, 0x48, 0x7f,
    0xf1, 0x14, 0x0,

    /* U+673A "机" */
    0xf, 0xfe, 0x73, 0xa1, 0xff, 0xce, 0xff, 0x83,
    0xff, 0x8a, 0xb0, 0x7f, 0xf1, 0x9a, 0x90, 0xf5,
    0x59, 0x52, 0x1f, 0xfc, 0x15, 0xc0, 0x56, 0x1f,
    0xfc, 0x1f, 0x92, 0xf4, 0x1f, 0xfc, 0x44, 0x3f,
    0xf9, 0x8, 0x20, 0xff, 0xe3, 0x61, 0x41, 0xff,
    0xc5, 0x50, 0xa8, 0x3f, 0xf8, 0x71, 0x9c, 0xa0,
    0x61, 0xff, 0x30, 0x4b, 0x83, 0xff, 0x81, 0x88,
    0x68, 0x24, 0x3f, 0x92, 0xf, 0xb0, 0xfe, 0x45,
    0x83, 0xe5, 0x7, 0xe9, 0x20, 0xfa, 0x20, 0xff,
    0xe3, 0xa8, 0x3f, 0xf8, 0xf9, 0x7, 0x65, 0x3,
    0xfe, 0x83, 0xc8, 0xb8, 0x33, 0xa6, 0x87, 0xdf,
    0x40,

    /* U+6B20 "欠" */
    0xf, 0x48, 0x7f, 0xf1, 0xd5, 0x87, 0xff, 0x1f,
    0x20, 0xff, 0xe3, 0xa1, 0xff, 0xc8, 0x41, 0xff,
    0xfc, 0x10, 0xf4, 0x2f, 0xff, 0x0, 0x3e, 0x46,
    0xbf, 0xf8, 0x2, 0x1d, 0x10, 0x6f, 0x7, 0x44,
    0x1b, 0x20, 0xff, 0xe0, 0x21, 0xc8, 0xa0, 0xf2,
    0x1a, 0x20, 0xcd, 0x3, 0xe4, 0x39, 0x41, 0xc8,
    0x79, 0x2, 0x15, 0x3, 0xff, 0x83, 0x83, 0xf,
    0xfe, 0x32, 0xa5, 0x7, 0xff, 0x13, 0x34, 0x83,
    0xff, 0x87, 0xa, 0x22, 0xf, 0xfe, 0xc, 0xa8,
    0xb, 0x41, 0xfe, 0x75, 0x41, 0xa5, 0x61, 0xf3,
    0x42, 0x81, 0xea, 0x1e, 0x42, 0xa2, 0xb4, 0x3f,
    0x3a, 0x58, 0x27, 0x83, 0xff, 0x81, 0x6e, 0x0,

    /* U+6C14 "气" */
    0xf, 0x21, 0xff, 0xc8, 0xa0, 0x7f, 0xf2, 0x10,
    0xff, 0xe4, 0x40, 0xff, 0xfe, 0xc, 0x1c, 0x95,
    0xff, 0xc3, 0xd, 0x1a, 0xff, 0xf0, 0x83, 0x2c,
    0x7f, 0xff, 0x4, 0x33, 0x11, 0x5f, 0xfc, 0x10,
    0xd1, 0x81, 0x7f, 0xf8, 0x21, 0xbd, 0x7f, 0xff,
    0x4, 0x3f, 0x75, 0xff, 0x21, 0xfc, 0xbf, 0xfc,
    0xc, 0x43, 0xff, 0xe6, 0x98, 0x7f, 0xf7, 0xd0,
    0x21, 0xff, 0xc5, 0x42, 0x90, 0xff, 0xe2, 0x64,
    0x4, 0x3f, 0xf8, 0x88, 0xe1, 0xff, 0xc7, 0xd1,
    0x0,

    /* U+6CE3 "泣" */
    0xf, 0xfe, 0x3, 0x7, 0xfa, 0xe0, 0xfb, 0x43,
    0xfd, 0x2b, 0x83, 0xa1, 0xf, 0xf5, 0x88, 0x7d,
    0x87, 0xff, 0x3, 0xcd, 0x72, 0x57, 0x21, 0xfa,
    0x5f, 0xfe, 0x0, 0x7f, 0x7f, 0xff, 0x5, 0x7,
    0xa0, 0xe4, 0x3e, 0xd0, 0xda, 0xb4, 0x2a, 0x7,
    0x21, 0xf5, 0x3, 0xff, 0x81, 0x88, 0x79, 0xd0,
    0x94, 0x1f, 0xfc, 0xf5, 0x7, 0xf2, 0x81, 0x88,
    0x7f, 0xf0, 0xe8, 0x4, 0x39, 0x30, 0xfd, 0x10,
    0x6c, 0x2c, 0x43, 0xf2, 0x21, 0x90, 0x90, 0xfe,
    0x88, 0x3f, 0xc8, 0x7c, 0xb8, 0x37, 0x80, 0x90,
    0x7d, 0x11, 0xff, 0xa3, 0xf8, 0x32, 0x5, 0xff,
    0xe1, 0x85, 0xc0, 0xaf, 0xfe, 0x18,

    /* U+6D88 "消" */
    0xf, 0xfe, 0x12, 0x1f, 0xa8, 0x19, 0xd, 0x40,
    0xd0, 0x5b, 0xa0, 0xb0, 0xfd, 0x21, 0x3b, 0x24,
    0x21, 0xf2, 0x83, 0xa8, 0x89, 0x7, 0xa2, 0xf,
    0x21, 0x41, 0xf3, 0x7, 0xfc, 0xe1, 0xed, 0xb,
    0xc8, 0x6b, 0xf2, 0x7e, 0x81, 0x14, 0xe, 0x5f,
    0xc1, 0x9e, 0x50, 0x6a, 0xfc, 0x1e, 0x74, 0x32,
    0xfe, 0xf, 0xfe, 0xd, 0x7e, 0xf, 0xc8, 0x6f,
    0xfc, 0x1f, 0x32, 0x1f, 0xfc, 0x68, 0x42, 0x5f,
    0xc1, 0xf9, 0xd, 0x5f, 0x83, 0xd1, 0x6, 0xff,
    0xc1, 0xcb, 0x7, 0xff, 0x1a, 0x20, 0xff, 0xe2,
    0xa2, 0x1f, 0xf5, 0x41, 0x9a, 0x7, 0xff, 0x1,
    0x68,

    /* U+6EE1 "满" */
    0xf, 0xf2, 0x82, 0x60, 0xf3, 0x7, 0xb8, 0x2d,
    0xf, 0x9d, 0x55, 0x25, 0x49, 0x58, 0xe, 0x41,
    0xff, 0xc7, 0xe6, 0xa4, 0xa9, 0x2b, 0x7, 0x21,
    0xb8, 0x2a, 0x7, 0xfa, 0xfa, 0x9f, 0xaf, 0xc5,
    0x2, 0xae, 0x5, 0x6, 0xb0, 0x1d, 0x2, 0xe1,
    0x63, 0x5c, 0x59, 0x2, 0xb0, 0xd0, 0xea, 0xd,
    0xe0, 0x2e, 0x2, 0x85, 0xe0, 0xfc, 0xf8, 0xbc,
    0x7c, 0x1f, 0xfc, 0x4, 0x44, 0x3f, 0xd6, 0x1e,
    0x82, 0x83, 0xf2, 0x83, 0x62, 0xb1, 0x41, 0xe8,
    0xc3, 0x33, 0xb3, 0x21, 0xc8, 0x85, 0x8c, 0x6,
    0xf, 0x44, 0x19, 0xc0, 0xc0, 0xd0, 0xc8, 0x86,
    0x82, 0x90, 0xf9, 0x20, 0xfe, 0x43, 0x22, 0x32,
    0x1f, 0xfc, 0xb, 0x90,

    /* U+73A9 "玩" */
    0x3f, 0xe5, 0x7f, 0xf8, 0x25, 0x4, 0xa0, 0x2f,
    0xf8, 0x2a, 0x63, 0x45, 0x57, 0xf8, 0x3f, 0xff,
    0x2a, 0x85, 0xd5, 0xff, 0xc0, 0x7, 0x20, 0xa0,
    0xbf, 0xfc, 0x0, 0x5e, 0x1f, 0x3e, 0x4f, 0x47,
    0xe0, 0xff, 0xf6, 0x21, 0xff, 0xca, 0x43, 0xff,
    0x84, 0xfc, 0x26, 0x1f, 0xe6, 0xc2, 0x73, 0x10,
    0xf9, 0x4, 0xab, 0xd0, 0xb0, 0x7e, 0x92, 0xe4,
    0x26, 0x20, 0xff, 0x90, 0xea, 0x18, 0x7a, 0xa1,
    0xf, 0x2d, 0x87, 0x22, 0xe0, 0xf9, 0xe0, 0xfb,
    0xf4, 0x0,

    /* U+751F "生" */
    0xf, 0xe5, 0x7, 0xff, 0x7, 0x82, 0xa0, 0x7f,
    0xf0, 0x10, 0xff, 0xe3, 0xe4, 0x1f, 0xfc, 0x54,
    0x3f, 0xf8, 0xc8, 0x3f, 0x3, 0xff, 0x5, 0xb,
    0xc0, 0x5f, 0xa0, 0x45, 0x78, 0x15, 0xf2, 0x28,
    0x43, 0xff, 0x8d, 0x87, 0xff, 0x15, 0xc3, 0xff,
    0x93, 0x5e, 0x5, 0x7c, 0x19, 0x7e, 0x2, 0xfc,
    0x19, 0xff, 0x3, 0xfe, 0xf, 0xff, 0xf8, 0x7c,
    0xd7, 0xe0, 0x57, 0xf6, 0xbf, 0x80, 0xbf, 0xd7,
    0xff, 0xf1, 0xc0,

    /* U+7684 "的" */
    0xc, 0xa0, 0xf2, 0x1f, 0xf5, 0x3, 0xd4, 0xf,
    0xfa, 0xe, 0x48, 0x3f, 0x91, 0xe, 0x83, 0xfb,
    0xd1, 0xf4, 0x1b, 0xfc, 0x81, 0x78, 0x28, 0x6b,
    0x21, 0xba, 0xc1, 0x2a, 0x5d, 0x7, 0xfd, 0x10,
    0x7f, 0xf1, 0x54, 0x1e, 0x43, 0xfe, 0xe9, 0x87,
    0xf5, 0xf8, 0x34, 0x41, 0xc8, 0x1a, 0xc1, 0xcb,
    0x7, 0xda, 0xe0, 0xe8, 0x83, 0xff, 0x8d, 0x11,
    0x87, 0xff, 0xd, 0xa0, 0x7f, 0xf1, 0x90, 0xff,
    0xe5, 0x21, 0xaf, 0xc1, 0xff, 0x21, 0x35, 0xd8,
    0x7f, 0xf0, 0x75, 0xf0, 0x4c, 0xa8, 0x83, 0xff,
    0x84, 0xd1, 0x41, 0x68, 0x7f, 0x3f, 0xa0, 0x0,

    /* U+76AE "皮" */
    0xf, 0xfa, 0x43, 0xff, 0x90, 0xe1, 0xff, 0xd6,
    0x6b, 0xe1, 0xaf, 0x83, 0xa5, 0xf8, 0xb, 0xf0,
    0x7d, 0xfe, 0x1f, 0xe0, 0xff, 0xe4, 0xa4, 0x1f,
    0xfc, 0x78, 0x43, 0xff, 0x8f, 0xe0, 0xfd, 0xfe,
    0x1f, 0xe8, 0x3f, 0x28, 0xb, 0xf8, 0x3f, 0x9a,
    0x25, 0x7c, 0x90, 0x7f, 0xa2, 0xe, 0x44, 0x3f,
    0xf8, 0xb, 0x6, 0x88, 0x3c, 0x98, 0x53, 0x20,
    0xcc, 0x3e, 0xc4, 0x34, 0xd3, 0x30, 0xfc, 0x87,
    0xd0, 0x90, 0x7e, 0x44, 0x3a, 0xc2, 0xa2, 0x1e,
    0x88, 0x6f, 0x2b, 0xe5, 0x5c, 0x86, 0x4a, 0x23,
    0xc1, 0x5a, 0x36, 0xe, 0x29, 0xe8, 0x3e, 0xbd,
    0x40,

    /* U+7728 "眨" */
    0xf, 0xfe, 0xc3, 0xe4, 0xf, 0xf8, 0xa, 0xbe,
    0x84, 0x3a, 0xf2, 0xe, 0x8b, 0x5e, 0x90, 0xc8,
    0x77, 0xe2, 0x43, 0xff, 0x8c, 0xc1, 0xfd, 0x52,
    0x1e, 0x50, 0x7f, 0xf1, 0xe4, 0x3f, 0xaa, 0x41,
    0xfc, 0xff, 0x7, 0xf9, 0x7f, 0x83, 0xff, 0x81,
    0x5f, 0x93, 0xd, 0xf2, 0x1f, 0xd1, 0x7, 0x54,
    0x1f, 0xd3, 0x21, 0xcb, 0x83, 0xe9, 0x60, 0xff,
    0xe2, 0x4d, 0x3, 0xe9, 0x60, 0xed, 0x90, 0xfc,
    0xd0, 0x27, 0xc6, 0x87, 0xf7, 0xf1, 0x22, 0x1f,
    0xfc, 0x4c, 0xb6, 0xf, 0xce, 0x1e, 0x41, 0x3e,
    0xad, 0xa1, 0xf5, 0x81, 0xd1, 0x70, 0x87, 0xca,
    0xd, 0x7f, 0x80,

    /* U+7729 "眩" */
    0xf, 0xfe, 0xa7, 0x83, 0xcf, 0xf4, 0x1d, 0x8,
    0x7d, 0x50, 0x7c, 0x98, 0x7c, 0xb0, 0x2f, 0xe1,
    0xfe, 0xf, 0xb5, 0x82, 0x5f, 0x2, 0x50, 0x1a,
    0x92, 0xbe, 0x3, 0x40, 0xf2, 0xc0, 0x43, 0xbe,
    0xe, 0x88, 0x2b, 0xf, 0xf9, 0x50, 0x59, 0x87,
    0xfd, 0x28, 0x11, 0x7, 0x7c, 0x16, 0x3f, 0x2c,
    0x1c, 0xb0, 0x4b, 0x50, 0x10, 0x7a, 0xa0, 0xaa,
    0x73, 0xf, 0xfe, 0x24, 0xc3, 0x87, 0x2c, 0x1c,
    0xa9, 0x12, 0xd, 0x50, 0x66, 0x88, 0x52, 0x82,
    0xfd, 0xc, 0xa1, 0x6c, 0x83, 0xf5, 0x7, 0xd5,
    0x20, 0x56, 0x1d, 0x8a, 0xa7, 0xf1, 0x7, 0xcf,
    0x45, 0x7, 0x58,

    /* U+773C "眼" */
    0xf, 0xcd, 0x7f, 0x20, 0x7f, 0xc6, 0xbf, 0xd8,
    0x6a, 0x90, 0xdf, 0xf0, 0x79, 0x6c, 0x3f, 0xf9,
    0xab, 0xf0, 0x7a, 0x56, 0x1a, 0xbe, 0xf, 0x34,
    0x43, 0x7f, 0xc1, 0xef, 0xa0, 0xff, 0xe6, 0xa1,
    0xff, 0xc8, 0xbf, 0xc1, 0xef, 0xa0, 0xde, 0x4f,
    0xd0, 0x6a, 0x90, 0xf4, 0x21, 0x68, 0x4b, 0x61,
    0xfa, 0x1c, 0x3f, 0xf8, 0x91, 0xce, 0x84, 0xb6,
    0x1f, 0x20, 0xa0, 0x75, 0x48, 0x7e, 0x8c, 0x3d,
    0xfc, 0x1e, 0x5d, 0x7, 0xff, 0x6, 0xf4, 0x4a,
    0xd1, 0xc3, 0xc8, 0xab, 0x4, 0x90, 0x7f, 0x53,
    0x90, 0xd7, 0x80,

    /* U+7801 "码" */
    0xf, 0xfe, 0x57, 0xfd, 0x3f, 0xfc, 0x15, 0x11,
    0xa9, 0xaf, 0x84, 0x25, 0x2, 0x50, 0x17, 0xe0,
    0xf9, 0x41, 0xce, 0x1e, 0xc3, 0xd8, 0x7f, 0xf1,
    0x91, 0xf, 0xf9, 0x10, 0xd9, 0x58, 0x18, 0x7f,
    0xf0, 0x11, 0x70, 0x7e, 0xc3, 0xa0, 0x7a, 0x9,
    0x3f, 0x27, 0xa1, 0xf, 0xd5, 0xf9, 0xc, 0x87,
    0xcb, 0xfa, 0x33, 0xc1, 0xff, 0xcf, 0xaf, 0xc2,
    0x1f, 0xf2, 0xff, 0x1, 0xc, 0xac, 0x1f, 0xf9,
    0xc3, 0xd4, 0x43, 0xfe, 0x43, 0xdf, 0x83, 0xfe,
    0x43, 0xff, 0x86, 0xb6, 0x41, 0x38, 0x7f, 0xd4,
    0x20, 0xff, 0xe2, 0x3f, 0x20,

    /* U+786E "确" */
    0xf, 0xfe, 0xa3, 0x87, 0xf7, 0xfc, 0x82, 0x17,
    0x83, 0x51, 0x1a, 0x22, 0xa, 0xe0, 0xca, 0x4,
    0xa0, 0x4f, 0xd1, 0x7, 0x94, 0x1b, 0x20, 0xa5,
    0x7, 0xd8, 0x50, 0x3f, 0xf, 0xc1, 0x22, 0x5,
    0x1, 0xa0, 0xd1, 0xd, 0x95, 0x14, 0x25, 0x1a,
    0xb0, 0xc8, 0xb4, 0x87, 0xff, 0x6, 0x7, 0x90,
    0xdf, 0x17, 0xa0, 0x90, 0xfe, 0xa8, 0x68, 0x86,
    0x43, 0xf2, 0xc6, 0xac, 0x2f, 0x7, 0xff, 0x3,
    0x6, 0x1f, 0xf6, 0x7c, 0x3e, 0x43, 0xff, 0x83,
    0x50, 0xd1, 0xf, 0x2c, 0x5, 0xe3, 0x56, 0x1e,
    0xa0, 0x13, 0xf, 0xfe, 0x17, 0xe8, 0x43, 0xff,
    0x82, 0x85, 0x8, 0x79, 0x50, 0x66, 0xa, 0x20,
    0xdb, 0xc2, 0x1f, 0xd8, 0x7d, 0x7a, 0x0,

    /* U+795D "祝" */
    0xf, 0xfe, 0x6b, 0xa1, 0xff, 0xc7, 0x48, 0x2b,
    0xff, 0xc1, 0xec, 0x43, 0x2f, 0xc1, 0xcd, 0x4f,
    0x5, 0x5f, 0x21, 0xa5, 0xf8, 0x3f, 0xf8, 0x5f,
    0xc8, 0x87, 0xff, 0x19, 0x50, 0x7f, 0xf1, 0xe1,
    0xf, 0xfe, 0x34, 0x41, 0xbf, 0xe4, 0x3d, 0x24,
    0xd, 0x42, 0x80, 0xb0, 0x69, 0xb, 0x1b, 0x28,
    0x95, 0x5, 0x2c, 0x66, 0xc, 0x3f, 0xe5, 0x41,
    0x48, 0x7f, 0xf0, 0xb8, 0x33, 0x1, 0xf, 0xfe,
    0x52, 0x1f, 0xfc, 0x74, 0xc3, 0xe4, 0x3f, 0xe8,
    0x43, 0xe8, 0x3f, 0xd9, 0x87, 0xff, 0x15, 0xc8,
    0x36, 0x2a, 0xf, 0xfa, 0x43, 0x25, 0x18, 0x3a,
    0xc7, 0x43, 0xdf, 0x90,

    /* U+7EF4 "维" */
    0xf, 0xfe, 0x73, 0xa1, 0xdc, 0x70, 0x7f, 0x62,
    0x1a, 0x21, 0x41, 0xfc, 0xa0, 0xe5, 0x2, 0x10,
    0xfa, 0x20, 0xc8, 0x15, 0x22, 0xc1, 0x98, 0x10,
    0x21, 0xa2, 0xab, 0x5, 0x8, 0xb4, 0xf, 0x93,
    0xf0, 0x15, 0xc, 0x88, 0x7f, 0xf0, 0x62, 0xe2,
    0x82, 0x1f, 0xfc, 0xa, 0xc4, 0x58, 0x3e, 0x4f,
    0x90, 0x2d, 0x28, 0x42, 0xa9, 0x2a, 0x43, 0x64,
    0x1e, 0x58, 0xb, 0x6, 0x89, 0xb0, 0xff, 0xe1,
    0xc9, 0x41, 0xd, 0xf2, 0x7c, 0x83, 0x6f, 0x50,
    0x32, 0xc0, 0x5c, 0x6, 0x43, 0xf5, 0x49, 0x50,
    0x7e, 0x68, 0x1f, 0xfc, 0x26, 0xfa, 0x30, 0x97,
    0xb, 0x81, 0xa3, 0x72, 0x15, 0x40, 0xac, 0xb,
    0xd2, 0x1e, 0xff, 0xe0, 0xff, 0xe5, 0x80,

    /* U+7F51 "网" */
    0xf, 0xfe, 0x4f, 0xff, 0xf1, 0x83, 0x2f, 0xff,
    0x8, 0x39, 0xaf, 0xfe, 0x12, 0x1f, 0xec, 0x3b,
    0x43, 0xf2, 0x4, 0x3f, 0xf8, 0x74, 0x6, 0xd,
    0x11, 0xf, 0xa3, 0x14, 0x31, 0x87, 0xfb, 0x23,
    0x23, 0x50, 0x7f, 0xa4, 0x41, 0x83, 0xf, 0xf2,
    0x1e, 0x43, 0xff, 0x87, 0x84, 0x90, 0x7f, 0xa2,
    0x11, 0x12, 0xf, 0xe5, 0xd1, 0x12, 0x83, 0xf6,
    0x45, 0x12, 0x21, 0xf, 0x44, 0x1a, 0x50, 0x34,
    0x3c, 0xb0, 0x51, 0x7, 0xfd, 0xc1, 0xbc, 0x1f,
    0xfc, 0xba, 0x90, 0xff, 0xe2, 0x2c, 0x40,

    /* U+7F6E "置" */
    0x1f, 0xff, 0xe2, 0x41, 0x9a, 0x86, 0xa1, 0xa8,
    0x43, 0x6b, 0x1a, 0xc6, 0xb0, 0x7f, 0x21, 0x93,
    0xf, 0xeb, 0xd1, 0x7a, 0x1f, 0x83, 0x3f, 0xf0,
    0xff, 0xe1, 0xff, 0xc3, 0xff, 0x95, 0x5f, 0x25,
    0x7f, 0x22, 0xfc, 0x12, 0xfe, 0xd, 0x7e, 0x4b,
    0xfc, 0x1f, 0xbf, 0xfc, 0x87, 0xf7, 0xff, 0x90,
    0xfe, 0xff, 0xf2, 0x1f, 0xdf, 0xfe, 0x43, 0xfb,
    0xff, 0xc8, 0x7f, 0x2f, 0xfc, 0x1f, 0xdf, 0xfe,
    0xf, 0xf5, 0x7f, 0x83, 0xaf, 0x27, 0xff, 0x81,
    0xf5, 0xff, 0xfc, 0x70,

    /* U+8003 "考" */
    0xf, 0xca, 0xf, 0xfe, 0x37, 0x7, 0xc8, 0x7f,
    0xf1, 0x9a, 0x4, 0xff, 0x27, 0xf3, 0x10, 0x4d,
    0x70, 0x2b, 0x31, 0x87, 0x2f, 0x85, 0x84, 0xc3,
    0xff, 0x87, 0x47, 0xe, 0xff, 0x93, 0xc8, 0xff,
    0x15, 0xf8, 0x26, 0xbe, 0x17, 0xe8, 0x79, 0x7e,
    0xf, 0x58, 0xeb, 0xf0, 0x7a, 0xd0, 0x35, 0xf8,
    0x27, 0xcb, 0x1f, 0xfe, 0x5, 0xb, 0x94, 0x1f,
    0xfc, 0xa, 0x68, 0x8f, 0xfe, 0x83, 0x21, 0xab,
    0xf2, 0x1f, 0xe5, 0xfe, 0xcc, 0x3f, 0xf8, 0xe8,
    0x7f, 0xf1, 0x60, 0xff, 0xe1, 0x51, 0x50, 0x87,
    0xff, 0x5, 0x54, 0x54, 0x1f, 0xfc, 0x1f, 0xe8,
    0x38,

    /* U+804A "聊" */
    0xf, 0xfe, 0x55, 0x7c, 0x85, 0x68, 0x7c, 0xbf,
    0x65, 0xb2, 0x2e, 0x6, 0x5e, 0x1a, 0x36, 0x8d,
    0x64, 0x3f, 0xca, 0x30, 0xbc, 0x1f, 0xfc, 0xeb,
    0xc1, 0xff, 0xc6, 0x68, 0x1f, 0xfc, 0x6d, 0x41,
    0xff, 0xdb, 0xd4, 0x1f, 0xfc, 0x66, 0x81, 0xe4,
    0x3f, 0xe7, 0xc1, 0xff, 0xc6, 0xc3, 0x90, 0x61,
    0xff, 0xc6, 0x74, 0x3f, 0x92, 0x98, 0xc3, 0x8,
    0x56, 0x14, 0x12, 0x37, 0x3, 0xa, 0x9a, 0x5e,
    0xa0, 0x74, 0x21, 0x90, 0x90, 0xfd, 0x18, 0x7f,
    0xf1, 0x76, 0xf, 0xfe, 0x3c, 0x87, 0xff, 0xf,
    0x8d, 0xc, 0xe1, 0x80,

    /* U+80FD "能" */
    0x9, 0xf, 0x94, 0x1f, 0xf5, 0x87, 0xac, 0x3f,
    0xd1, 0x1c, 0x1f, 0x98, 0x39, 0x61, 0x41, 0xe7,
    0x94, 0x16, 0x40, 0x8c, 0x27, 0x9b, 0x41, 0x3,
    0xf0, 0x10, 0xae, 0x43, 0x6a, 0xab, 0xc6, 0x5,
    0x6, 0x50, 0xd1, 0x60, 0x70, 0x7e, 0xe0, 0x57,
    0xe0, 0x97, 0xf0, 0x14, 0x19, 0x40, 0x4a, 0xe2,
    0x9, 0xac, 0x85, 0x7f, 0xc1, 0xcb, 0xc1, 0x70,
    0x7f, 0x9a, 0xc1, 0xfe, 0x90, 0xcf, 0xe4, 0x3c,
    0xf9, 0xf, 0xfe, 0x1b, 0xc5, 0xa1, 0x9f, 0xc8,
    0x75, 0xe4, 0x3c, 0xfe, 0xe, 0x50, 0x65, 0x7,
    0xe4, 0x3f, 0xe8, 0x3f, 0xf8, 0xf8, 0x7d, 0x44,
    0x33, 0x5c, 0xa0, 0xf2, 0x88, 0x1a, 0xfd, 0x0,

    /* U+832B "茫" */
    0xf, 0x21, 0xe5, 0x7, 0xfd, 0x40, 0xf5, 0x87,
    0xd5, 0x92, 0xbc, 0x35, 0x91, 0x78, 0xb, 0xe0,
    0x2e, 0x87, 0xf2, 0x7f, 0x87, 0xf8, 0x3f, 0xf9,
    0x9c, 0x58, 0x76, 0x41, 0xf9, 0x5a, 0x1e, 0x88,
    0x3f, 0x59, 0x87, 0x94, 0x1f, 0xf7, 0x3f, 0xe5,
    0x7f, 0x2, 0x42, 0x58, 0x5f, 0xf0, 0xab, 0xa,
    0xca, 0xff, 0xf, 0x18, 0x7f, 0xf1, 0x9f, 0x7,
    0xff, 0x26, 0xf, 0xfe, 0x3c, 0xa0, 0xff, 0xe2,
    0xcc, 0x87, 0xff, 0x12, 0x58, 0x3f, 0xf8, 0x92,
    0xa0, 0xef, 0xfe, 0x9, 0x50, 0x65, 0xff, 0x82,
    0xe0, 0xf5, 0x7f, 0x80,

    /* U+83DC "菜" */
    0xf, 0x90, 0xf2, 0x83, 0xff, 0x80, 0xc8, 0x75,
    0x87, 0xcf, 0xe8, 0xbf, 0x87, 0xf8, 0xb, 0xe1,
    0x7c, 0x5, 0xd0, 0x55, 0xb3, 0xae, 0x1a, 0xc8,
    0x7c, 0xc8, 0x15, 0x2b, 0xd0, 0x75, 0xfa, 0xfa,
    0x8b, 0xa8, 0x1d, 0xaa, 0xbd, 0xfa, 0x8a, 0xe,
    0x71, 0x77, 0x7, 0xa8, 0x87, 0x94, 0x14, 0x41,
    0xcb, 0x7, 0x2a, 0xe, 0x43, 0x44, 0x1f, 0x42,
    0x14, 0x84, 0xa8, 0x3f, 0xb4, 0x2d, 0x9, 0xd0,
    0xe7, 0xff, 0x27, 0xff, 0x4, 0xbe, 0xf, 0x2f,
    0xc0, 0x6b, 0xb0, 0xc8, 0x2b, 0xc1, 0xf5, 0xd,
    0x25, 0x61, 0xfe, 0x75, 0x61, 0xa8, 0x70, 0x7a,
    0xe2, 0x81, 0xe7, 0x57, 0x20, 0x92, 0xd0, 0xfe,
    0xb5, 0x40, 0xa6, 0x87, 0xff, 0x6, 0xf0,

    /* U+8868 "表" */
    0xf, 0xf2, 0x83, 0xff, 0x91, 0x61, 0xff, 0xc0,
    0x5f, 0xa1, 0x7f, 0x83, 0x57, 0xc8, 0x2b, 0xec,
    0x37, 0xfe, 0x1f, 0xfa, 0xf, 0xf9, 0xf, 0xfe,
    0x1f, 0xfa, 0x1f, 0xf4, 0x1e, 0xff, 0x87, 0xfd,
    0x7, 0xff, 0x3a, 0xff, 0xc3, 0xff, 0x90, 0x75,
    0xe0, 0xcd, 0x7c, 0x81, 0x7d, 0x8e, 0x5, 0xe1,
    0xf, 0x9d, 0xa1, 0x21, 0xb9, 0xe, 0x78, 0x90,
    0x26, 0x39, 0xa1, 0x3c, 0x12, 0x1a, 0x39, 0xc3,
    0xa2, 0xd0, 0xf3, 0x2, 0xf, 0x79, 0xf, 0xe5,
    0x18, 0x7f, 0xf0, 0x9b, 0x8a, 0x1c, 0x1f, 0x93,
    0xd2, 0xa0, 0x30, 0xf0, 0x7f, 0x5e, 0x83, 0x3c,
    0x61, 0xeb, 0xc8, 0x7f, 0x3a, 0x0,

    /* U+8981 "要" */
    0x2b, 0xff, 0x8c, 0xbf, 0xfc, 0x8d, 0xfe, 0x8f,
    0xc5, 0xfd, 0x7, 0xb1, 0x2, 0x1f, 0xcf, 0xe4,
    0xbd, 0x17, 0xe8, 0x35, 0xe8, 0xbd, 0x17, 0xc1,
    0xff, 0x20, 0x43, 0xff, 0xa7, 0x7a, 0x3f, 0x17,
    0xc1, 0x9a, 0xe4, 0xaf, 0xf0, 0x4b, 0xe1, 0x7f,
    0x80, 0xbe, 0x80, 0xbf, 0xf7, 0x5c, 0x82, 0xbf,
    0xf8, 0x1f, 0x81, 0xfe, 0x4b, 0xf0, 0x68, 0x83,
    0x97, 0x7, 0xca, 0x28, 0xa2, 0x84, 0x1f, 0x9e,
    0x55, 0x34, 0x83, 0xff, 0x81, 0xa1, 0x25, 0xc8,
    0x4f, 0xea, 0x2b, 0xd7, 0x2a, 0xf0, 0xba, 0xfa,
    0xc, 0xdc, 0xc0,

    /* U+8BB6 "讶" */
    0xf, 0xfe, 0x63, 0xa1, 0xab, 0xfe, 0x42, 0x49,
    0x2, 0xff, 0xf0, 0x20, 0xd9, 0x23, 0xff, 0x3,
    0xe0, 0xec, 0x3a, 0x81, 0xff, 0xc3, 0xd0, 0x94,
    0x1f, 0xf2, 0xf0, 0x72, 0x1f, 0xf5, 0x70, 0x49,
    0x87, 0xfd, 0xf2, 0x1b, 0x10, 0xff, 0xe3, 0xa7,
    0xf0, 0x3e, 0xf, 0xf2, 0xf8, 0x25, 0x83, 0xfd,
    0x5d, 0x85, 0x50, 0x7f, 0xf0, 0xe4, 0x3f, 0xf8,
    0x50, 0x6c, 0x83, 0xff, 0x83, 0xa1, 0x66, 0x1f,
    0xfc, 0x1c, 0x81, 0x10, 0x7f, 0xf0, 0x10, 0x69,
    0xb2, 0x1f, 0xf4, 0x38, 0x32, 0x43, 0xff, 0x81,
    0x31, 0x64, 0x87, 0xff, 0xa, 0x2, 0x68, 0x2a,
    0x10, 0xff, 0xbc, 0x19, 0x62, 0xf, 0xfe, 0x2f,
    0xe0, 0xe0,

    /* U+8BBE "设" */
    0xa, 0x43, 0xd5, 0xf0, 0x7e, 0x90, 0xe5, 0xf8,
    0x3e, 0x99, 0xe, 0xbe, 0x43, 0xfa, 0x20, 0xff,
    0xe4, 0x78, 0x24, 0x3f, 0xf9, 0x30, 0x87, 0xfa,
    0xb2, 0x16, 0x41, 0xef, 0x40, 0x5d, 0x83, 0x14,
    0x1a, 0x58, 0x2f, 0x83, 0x34, 0xf, 0x56, 0xf,
    0xef, 0x57, 0xf2, 0x1f, 0xf2, 0xff, 0xb0, 0xff,
    0x31, 0x7f, 0x24, 0x1f, 0xf2, 0x41, 0xca, 0xf,
    0xfe, 0xe, 0x41, 0x64, 0x1f, 0xfc, 0x29, 0x88,
    0x83, 0xfc, 0xf0, 0x16, 0xd9, 0xf, 0xe6, 0x60,
    0xb0, 0xff, 0xe0, 0x40, 0xa0, 0x1e, 0x22, 0xd0,
    0xf2, 0x69, 0xe8, 0xb7, 0x4b, 0x83, 0x78, 0x33,
    0xe4, 0x2b, 0x90, 0x0,

    /* U+8BD5 "试" */
    0xf, 0xfe, 0x12, 0x1f, 0xb4, 0x3f, 0xd3, 0x61,
    0xe9, 0xf, 0xfa, 0x20, 0xdb, 0x21, 0xff, 0x4a,
    0xd, 0x7, 0xff, 0x5, 0x90, 0xed, 0x5f, 0xf1,
    0x7a, 0xc3, 0xf2, 0xfc, 0x5, 0xc5, 0x64, 0x6b,
    0xe1, 0xac, 0x2e, 0xc3, 0xff, 0x89, 0xf0, 0x7f,
    0xf0, 0x10, 0xff, 0xe0, 0x5f, 0xc1, 0xff, 0xc3,
    0xe4, 0x61, 0xf, 0xfe, 0xa, 0xb2, 0x43, 0xff,
    0x95, 0x87, 0xff, 0x29, 0xf, 0xfe, 0x32, 0x1f,
    0xf3, 0xa1, 0x34, 0x6, 0xc, 0x39, 0x80, 0xc4,
    0x81, 0x42, 0x19, 0x3, 0xd0, 0x6e, 0x32, 0xc3,
    0x65, 0xb, 0xd2, 0x12, 0x2a, 0xa, 0xd0, 0x21,
    0xfb, 0x2, 0x1f, 0xfc, 0x6f, 0x0,

    /* U+8BDD "话" */
    0xf, 0xfe, 0x6c, 0x1f, 0xf3, 0x79, 0xc, 0xa8,
    0x26, 0x9f, 0xa5, 0x48, 0x66, 0x60, 0x6b, 0xc5,
    0xc8, 0x79, 0x60, 0x5e, 0xa6, 0x1f, 0xfc, 0xb,
    0xf, 0xfe, 0xda, 0xf0, 0x2b, 0xc7, 0x5c, 0xa,
    0xd8, 0x17, 0x80, 0xbe, 0x7, 0xc1, 0xbf, 0xa2,
    0xfe, 0xf, 0xff, 0x52, 0xec, 0xd7, 0x7, 0xfd,
    0x59, 0x1a, 0xc1, 0xff, 0xc1, 0xff, 0x83, 0xfe,
    0xc3, 0xff, 0x8e, 0xe1, 0xff, 0xca, 0xc3, 0xff,
    0x8b, 0xe, 0x1a, 0xbe, 0xf, 0xcc, 0x1c, 0xbf,
    0x7, 0xd4, 0xf, 0x7f, 0xc2, 0x0,

    /* U+8BF7 "请" */
    0xf, 0xfe, 0x3, 0x7, 0xf6, 0x87, 0xf2, 0x1f,
    0xe9, 0x3, 0xfa, 0x3f, 0xa0, 0xb2, 0x46, 0xb2,
    0x57, 0x83, 0x66, 0x5, 0xd8, 0x17, 0x7, 0xb8,
    0x1f, 0xa2, 0xfc, 0x1f, 0xef, 0xd1, 0x7e, 0x5,
    0x70, 0x17, 0xb3, 0x5e, 0x17, 0x81, 0x5c, 0x8d,
    0x71, 0xf2, 0x17, 0xff, 0xf0, 0x43, 0xfa, 0xff,
    0xe4, 0x3f, 0xf8, 0x15, 0xf0, 0x7f, 0xf0, 0x97,
    0xe0, 0xff, 0xe1, 0x7f, 0xc1, 0xff, 0xc2, 0xff,
    0x41, 0xfe, 0x50, 0x7e, 0x43, 0xfa, 0x98, 0x3f,
    0xe0, 0xf9, 0x15, 0x3, 0xfd, 0x7, 0xf5, 0x3,
    0xf9, 0xf, 0x44, 0x87, 0xe5, 0x41, 0xeb, 0x43,
    0xfb, 0x96, 0x0,

    /* U+8C03 "调" */
    0xb, 0xe, 0x5f, 0xf8, 0x24, 0xc2, 0x6b, 0xfe,
    0x40, 0xe6, 0x1b, 0xf5, 0xf8, 0x3d, 0x10, 0x7a,
    0x81, 0xfe, 0x68, 0x19, 0x40, 0x50, 0x7f, 0x21,
    0xd4, 0x4a, 0x21, 0x97, 0x83, 0xbc, 0x9e, 0x43,
    0x56, 0xc3, 0xff, 0x89, 0xf0, 0x79, 0xf2, 0x7c,
    0x1f, 0xfc, 0x16, 0xbd, 0x87, 0xff, 0x9, 0x7c,
    0x1f, 0xfc, 0xc, 0x1f, 0xe0, 0xff, 0xe2, 0x35,
    0x7, 0xff, 0x5, 0xb, 0x50, 0x7f, 0xf0, 0x51,
    0xf, 0xfe, 0x23, 0xc6, 0xb, 0xd0, 0x7f, 0xf0,
    0x11, 0x5, 0xf8, 0x3e, 0x81, 0xa1, 0x68, 0x7f,
    0xca, 0xd2, 0xf, 0x95, 0x7, 0x70, 0x14, 0x1f,
    0x51, 0x60, 0xf3, 0x7, 0xef, 0xa0,

    /* U+8D25 "败" */
    0xf, 0xfe, 0x62, 0xfe, 0xa, 0xc3, 0xfa, 0xbf,
    0x4, 0x87, 0xfd, 0x7e, 0x43, 0x90, 0xff, 0xe0,
    0x21, 0xe4, 0x15, 0xe0, 0xf5, 0x3, 0xb1, 0x7e,
    0xf, 0xfe, 0xa, 0xbf, 0x16, 0x1f, 0xfc, 0x4,
    0x82, 0x44, 0x3f, 0xf8, 0x30, 0x87, 0xff, 0x1a,
    0x6, 0x16, 0x1f, 0xfc, 0x29, 0x90, 0x94, 0x1f,
    0xd8, 0x69, 0x10, 0xb0, 0xff, 0xe2, 0x31, 0x8,
    0x7f, 0xf1, 0x21, 0x60, 0xfc, 0x89, 0x87, 0x31,
    0x7, 0xb7, 0x2, 0xb0, 0xd0, 0x7f, 0xcc, 0xc8,
    0x76, 0x8, 0x3e, 0xc5, 0xa0, 0xd1, 0x2a, 0xe,
    0x88, 0x11, 0x83, 0x66, 0x56, 0x16, 0xc8, 0x58,
    0xe4, 0x82, 0x86, 0xb, 0x43, 0xb6, 0xd0, 0xcf,
    0x0,

    /* U+8F93 "输" */
    0xc, 0x87, 0xf2, 0x1f, 0xe6, 0xf, 0xcd, 0x3,
    0xfb, 0xf, 0xcc, 0x28, 0x3d, 0xe4, 0xf8, 0x26,
    0x76, 0x43, 0x94, 0x2e, 0x5, 0x18, 0x9a, 0x6,
    0xa1, 0x58, 0xd5, 0x5, 0x2b, 0x82, 0x43, 0xb0,
    0x3f, 0xc8, 0x10, 0xb4, 0xd3, 0xea, 0xfb, 0xe0,
    0x9c, 0x3e, 0x5f, 0x83, 0x91, 0x41, 0xbf, 0xc6,
    0x9a, 0x8, 0xe2, 0xc1, 0x7a, 0xf, 0xea, 0xc3,
    0x3, 0x56, 0x1f, 0xcb, 0x8d, 0x3, 0x44, 0x3f,
    0xf8, 0xd7, 0xa0, 0xff, 0x98, 0xb0, 0x60, 0xc3,
    0xfb, 0xd2, 0x38, 0x1f, 0x21, 0xfc, 0xaf, 0x18,
    0x57, 0xa0, 0xfe, 0xa0, 0x7f, 0xf0, 0x74, 0x3f,
    0xfb, 0x4e, 0x12, 0x84, 0x3f, 0xf8, 0x32, 0x86,
    0x88, 0x7d, 0xa0, 0xd3, 0xd0, 0xfa, 0x0,

    /* U+8FD4 "返" */
    0xf, 0xfe, 0x62, 0x83, 0xf9, 0x6b, 0xd0, 0x6a,
    0x6, 0x7f, 0x54, 0x8e, 0x1b, 0x30, 0xb1, 0xa7,
    0xf4, 0x87, 0x66, 0x1a, 0x50, 0x7f, 0xf0, 0x6c,
    0x3f, 0xf9, 0x8, 0x77, 0xff, 0x21, 0xff, 0xc0,
    0x6b, 0xc8, 0x84, 0xbc, 0x1a, 0x5f, 0x83, 0xab,
    0x61, 0xdc, 0x12, 0x41, 0xbe, 0xc, 0x81, 0x58,
    0x21, 0xf, 0xfe, 0x2, 0x50, 0xf1, 0x87, 0xfc,
    0x98, 0x18, 0x8, 0x7f, 0xf0, 0x31, 0xa, 0x2,
    0x83, 0xfe, 0x50, 0x1c, 0xb2, 0x81, 0xfd, 0x13,
    0xc6, 0x9a, 0xa0, 0xe4, 0x14, 0x12, 0xc3, 0x4c,
    0x1a, 0x83, 0x85, 0xa1, 0xe8, 0x36, 0xde, 0x2e,
    0x8b, 0xea, 0xb0, 0x2c, 0xf, 0x2d, 0x5e, 0x5c,
    0xa, 0x7, 0x5f, 0xff, 0x40,

    /* U+8FDE "连" */
    0xf, 0xf9, 0x41, 0xff, 0x78, 0x3e, 0xa0, 0x7f,
    0xd9, 0x81, 0x70, 0x17, 0xe0, 0xe8, 0x8a, 0xc0,
    0xaf, 0x90, 0xcb, 0x1f, 0x3, 0xff, 0x21, 0xd6,
    0x12, 0x40, 0xd0, 0xff, 0xe1, 0xc2, 0x21, 0xff,
    0xc4, 0x48, 0x3f, 0xf8, 0x1f, 0x90, 0x45, 0xe8,
    0xbe, 0x82, 0xa8, 0x32, 0xf8, 0x5d, 0x84, 0xb0,
    0x6a, 0xec, 0xea, 0x43, 0xff, 0xa6, 0xbe, 0xcd,
    0x78, 0x3f, 0x57, 0x91, 0xad, 0x87, 0xef, 0xf4,
    0x3f, 0xa0, 0xff, 0xe2, 0x61, 0xfc, 0x98, 0x7f,
    0xf1, 0x98, 0x60, 0xff, 0xe2, 0x33, 0xce, 0x1c,
    0xe8, 0x64, 0x11, 0xc, 0x7a, 0xbf, 0x7a, 0x3,
    0x4, 0xe8, 0xbf, 0x83, 0xa4, 0x3a, 0xff, 0xfe,
    0x0,

    /* U+8FF7 "迷" */
    0xf, 0xfe, 0x64, 0x87, 0xf7, 0x7, 0xfa, 0x42,
    0xd0, 0xfd, 0xe0, 0xd1, 0x6, 0x83, 0xe4, 0x83,
    0xb3, 0x4, 0x21, 0xe8, 0x43, 0xd4, 0x2, 0x41,
    0xc9, 0x7, 0xca, 0xa, 0x81, 0xe5, 0x7, 0xff,
    0x1, 0x42, 0x13, 0x7, 0x7e, 0x4f, 0xe8, 0x7f,
    0xa0, 0x2c, 0x15, 0x64, 0x35, 0x70, 0x2a, 0x9,
    0x78, 0x36, 0xb0, 0x7f, 0xf0, 0x22, 0x19, 0x83,
    0xff, 0x82, 0xa9, 0x2, 0xd0, 0x7f, 0xcc, 0x21,
    0xa5, 0x83, 0xf9, 0x8c, 0x3d, 0x32, 0x1f, 0xa3,
    0xf, 0xd1, 0x87, 0xb2, 0xc3, 0xfd, 0xc1, 0x38,
    0xb0, 0x7f, 0xf0, 0xd8, 0xda, 0x7, 0x70, 0x7e,
    0x8c, 0xa3, 0xea, 0xfd, 0xf2, 0x8, 0x27, 0x45,
    0xfc, 0x12, 0x68, 0x75, 0xff, 0xfc, 0x0,

    /* U+914D "配" */
    0xaf, 0xf0, 0xd7, 0xc8, 0x17, 0xf8, 0x97, 0xe0,
    0x5e, 0x56, 0x7c, 0x7f, 0xc1, 0xff, 0xcd, 0x5d,
    0x12, 0x83, 0xff, 0x81, 0x40, 0x23, 0x61, 0xff,
    0xc1, 0xe7, 0x70, 0xff, 0xe6, 0x35, 0xe0, 0xf7,
    0x83, 0xd2, 0xf8, 0x3e, 0x43, 0xf7, 0xf0, 0x72,
    0x80, 0xe1, 0xfe, 0x90, 0xbc, 0xf, 0x7, 0xf9,
    0xd, 0x7, 0xff, 0x23, 0xfc, 0x1f, 0xfc, 0x3a,
    0xf0, 0x7f, 0xd0, 0x4b, 0xe0, 0xff, 0x2c, 0x4,
    0x3f, 0xf8, 0xa8, 0x2f, 0xe0, 0xff, 0x61, 0xbf,
    0xc1, 0x25, 0x72, 0x1f, 0xe7, 0x21, 0x78, 0xc1,
    0x87, 0xa4, 0x1f, 0xf0, 0x0,

    /* U+91CD "重" */
    0xf, 0xfe, 0x22, 0x1e, 0x5e, 0xad, 0xfa, 0x43,
    0x75, 0xcb, 0xd, 0x3c, 0x86, 0xff, 0x81, 0x45,
    0x7, 0x2f, 0xf0, 0x17, 0xfb, 0xaf, 0xc0, 0xaf,
    0xf7, 0xfe, 0x7, 0xff, 0x1, 0xff, 0x3, 0xfd,
    0x7, 0xaf, 0xc0, 0xfe, 0xf, 0xc8, 0x7f, 0xf1,
    0xff, 0x81, 0xfc, 0x1f, 0xbf, 0x81, 0xfc, 0x1f,
    0x90, 0xff, 0xe3, 0xdf, 0x81, 0xfc, 0x1e, 0x7f,
    0xc0, 0xff, 0x41, 0x97, 0xe0, 0x2f, 0xc1, 0xab,
    0xe0, 0x57, 0xe0, 0xbf, 0xe0, 0x7f, 0xd0, 0x17,
    0xf0, 0x17, 0xfb, 0xaf, 0xc0, 0xaf, 0xef, 0xff,
    0xe4, 0x0,

    /* U+91CF "量" */
    0xb, 0xff, 0xf8, 0x41, 0xf9, 0xff, 0xf2, 0x1f,
    0xcf, 0xff, 0x90, 0xfe, 0x7f, 0xfc, 0x87, 0xff,
    0x49, 0xff, 0xf2, 0x1e, 0x55, 0x7f, 0xf0, 0x96,
    0x3a, 0xff, 0xe3, 0x9f, 0xff, 0xc8, 0x9, 0xff,
    0xfe, 0x18, 0x7d, 0xfc, 0xf, 0xe0, 0xfe, 0xfe,
    0x7, 0xf0, 0x7f, 0x7f, 0x3, 0xf8, 0x3f, 0xbf,
    0x81, 0xfc, 0x1f, 0x3f, 0xe0, 0x7f, 0xc1, 0xcb,
    0xf0, 0x17, 0xe0, 0xea, 0xf8, 0x15, 0xf0, 0x77,
    0xfc, 0xf, 0xf8, 0x32, 0xfe, 0x2, 0xff, 0x1d,
    0x7e, 0x5, 0x7f, 0x0,

    /* U+95ED "闭" */
    0x2, 0x1f, 0xfc, 0x66, 0x81, 0x2f, 0xff, 0x0,
    0xb, 0x81, 0x5f, 0xfc, 0x0, 0xa2, 0x7, 0xff,
    0x90, 0xee, 0xf, 0x28, 0x3f, 0x20, 0x43, 0xdc,
    0x1f, 0xa8, 0x1f, 0xfd, 0xdf, 0xf9, 0x3e, 0xf,
    0xd2, 0xf0, 0x4b, 0x7, 0xe6, 0xb6, 0x15, 0x41,
    0xff, 0xc0, 0x65, 0x7, 0xff, 0xd, 0x98, 0x3f,
    0xf8, 0x74, 0x60, 0xff, 0xe1, 0x3a, 0xa0, 0xff,
    0xe1, 0x31, 0xc1, 0xff, 0xc3, 0x6c, 0x3f, 0xf8,
    0xc8, 0x5f, 0x21, 0xff, 0xc4, 0x95, 0x61, 0xff,
    0xc3, 0x68, 0x85, 0x44, 0x3f, 0xf8, 0xaa, 0x20,
    0x70, 0x7f, 0xf0, 0x3e, 0x40,

    /* U+966A "陪" */
    0xf, 0xfe, 0x2, 0x83, 0xe6, 0xb9, 0xe, 0xe0,
    0xfc, 0xbd, 0x7, 0x62, 0x1f, 0xbe, 0x27, 0xf4,
    0x5f, 0x90, 0xe4, 0x5f, 0xfe, 0x8, 0x7a, 0x41,
    0x25, 0x70, 0xc8, 0x7b, 0x9, 0x41, 0xc8, 0x7d,
    0x8, 0x58, 0x84, 0x90, 0x7a, 0x10, 0x90, 0xe8,
    0x43, 0xe6, 0x3e, 0x2f, 0x81, 0xf0, 0x74, 0x2f,
    0xff, 0x8, 0x3e, 0xeb, 0xff, 0x82, 0x1e, 0x50,
    0xd7, 0xf2, 0x1f, 0x28, 0xd7, 0xfb, 0xe, 0xf1,
    0x85, 0xff, 0x7, 0xd3, 0x21, 0xff, 0xc5, 0x64,
    0x3f, 0xfc, 0x5f, 0xf0, 0x7f, 0xf0, 0x97, 0xe0,
    0xff, 0xe1, 0x57, 0xc1, 0x80,

    /* U+968F "随" */
    0xf, 0xfe, 0x12, 0x1f, 0x56, 0x43, 0xe6, 0xf,
    0x2f, 0x4a, 0xe, 0x83, 0xfb, 0xc8, 0x20, 0x7c,
    0xf, 0xe0, 0xe5, 0xd9, 0x40, 0x57, 0x83, 0xd9,
    0xb, 0xb, 0xf0, 0x64, 0x41, 0xa4, 0x3f, 0xc1,
    0xda, 0x1c, 0xa1, 0xa9, 0xf, 0x90, 0xcc, 0x9a,
    0xd8, 0x7a, 0x1f, 0xc4, 0x6b, 0x61, 0xf3, 0x28,
    0xf0, 0x1a, 0x90, 0xfb, 0x28, 0x1d, 0x7d, 0x7,
    0xff, 0x13, 0x5b, 0xf, 0xfe, 0x23, 0x52, 0x1c,
    0xd0, 0x3f, 0x5f, 0x41, 0xc8, 0xe1, 0xff, 0xc6,
    0xa0, 0x6c, 0x3d, 0xc1, 0xfe, 0xc5, 0x12, 0xa,
    0x61, 0xfa, 0x3a, 0x28, 0x25, 0x7, 0xe5, 0x63,
    0x4e, 0x5d, 0x40, 0xf2, 0x82, 0x75, 0x56, 0x50,
    0xe1, 0xa0, 0xeb, 0xfe, 0x0,

    /* U+97F3 "音" */
    0xf, 0xe5, 0x7, 0xff, 0x1a, 0x81, 0xff, 0x2f,
    0xc0, 0x97, 0xe0, 0x35, 0xf0, 0x1a, 0xf8, 0xf,
    0xcd, 0xff, 0xf, 0xc1, 0xe6, 0xf, 0x26, 0x1f,
    0xd0, 0x87, 0x42, 0x19, 0x7b, 0x35, 0xd0, 0xbe,
    0xeb, 0x23, 0x59, 0x1a, 0xf7, 0xff, 0xf1, 0xc3,
    0xff, 0x97, 0x7f, 0xff, 0x4, 0x3f, 0x57, 0xf8,
    0x3f, 0xcb, 0xff, 0x7, 0xff, 0x47, 0xff, 0xc8,
    0x7f, 0x7f, 0xf9, 0xf, 0xfe, 0x8a, 0xff, 0xc1,
    0xfd, 0x5f, 0xe0, 0xff, 0x7f, 0xf9, 0xc,

    /* U+9898 "题" */
    0x9, 0x7e, 0xf, 0xfe, 0x15, 0x7e, 0x3f, 0xfc,
    0x1d, 0xf9, 0x7, 0xd1, 0x7e, 0xe, 0xfc, 0x87,
    0x61, 0xff, 0x7e, 0x42, 0xf2, 0x5f, 0x7, 0xff,
    0xe, 0xfc, 0x87, 0xdf, 0x90, 0xf4, 0x98, 0x75,
    0x7d, 0x87, 0x38, 0x7e, 0x5f, 0x7, 0xff, 0xb,
    0xff, 0xc1, 0xd8, 0x7a, 0xb2, 0x56, 0xf, 0xfe,
    0x2, 0xb7, 0x17, 0x7, 0x21, 0xf2, 0x82, 0x58,
    0x32, 0x1f, 0xfc, 0x2a, 0xc4, 0xca, 0x9c, 0x36,
    0x1b, 0xe8, 0x51, 0x8c, 0x1f, 0x41, 0xf3, 0x2d,
    0x38, 0x65, 0xa0, 0xcf, 0x30, 0x18, 0x83, 0x50,
    0x3e, 0xa0, 0x66, 0xc1, 0x1, 0xcf, 0x5c, 0x2f,
    0x83, 0x30, 0x5c, 0x8d, 0x7f, 0x81, 0xa1, 0x9a,
    0x7f, 0xfc, 0x0
};


/*---------------------
 *  GLYPH DESCRIPTION
 *--------------------*/

static const lv_font_fmt_txt_glyph_dsc_t glyph_dsc[] = {
    {.bitmap_index = 0, .adv_w = 0, .box_w = 0, .box_h = 0, .ofs_x = 0, .ofs_y = 0} /* id = 0 reserved */,
    {.bitmap_index = 0, .adv_w = 79, .box_w = 0, .box_h = 0, .ofs_x = 0, .ofs_y = 0},
    {.bitmap_index = 0, .adv_w = 114, .box_w = 3, .box_h = 16, .ofs_x = 2, .ofs_y = 0},
    {.bitmap_index = 11, .adv_w = 167, .box_w = 8, .box_h = 7, .ofs_x = 1, .ofs_y = 10},
    {.bitmap_index = 22, .adv_w = 195, .box_w = 12, .box_h = 16, .ofs_x = 0, .ofs_y = 0},
    {.bitmap_index = 64, .adv_w = 195, .box_w = 10, .box_h = 21, .ofs_x = 1, .ofs_y = -3},
    {.bitmap_index = 110, .adv_w = 324, .box_w = 20, .box_h = 16, .ofs_x = 0, .ofs_y = 0},
    {.bitmap_index = 181, .adv_w = 239, .box_w = 15, .box_h = 16, .ofs_x = 0, .ofs_y = 0},
    {.bitmap_index = 236, .adv_w = 98, .box_w = 4, .box_h = 7, .ofs_x = 1, .ofs_y = 10},
    {.bitmap_index = 243, .adv_w = 119, .box_w = 5, .box_h = 23, .ofs_x = 2, .ofs_y = -5},
    {.bitmap_index = 270, .adv_w = 119, .box_w = 6, .box_h = 23, .ofs_x = 0, .ofs_y = -5},
    {.bitmap_index = 299, .adv_w = 164, .box_w = 8, .box_h = 7, .ofs_x = 1, .ofs_y = 10},
    {.bitmap_index = 314, .adv_w = 195, .box_w = 12, .box_h = 11, .ofs_x = 0, .ofs_y = 3},
    {.bitmap_index = 329, .adv_w = 98, .box_w = 4, .box_h = 8, .ofs_x = 1, .ofs_y = -5},
    {.bitmap_index = 338, .adv_w = 122, .box_w = 6, .box_h = 2, .ofs_x = 1, .ofs_y = 5},
    {.bitmap_index = 341, .adv_w = 98, .box_w = 4, .box_h = 3, .ofs_x = 1, .ofs_y = 0},
    {.bitmap_index = 345, .adv_w = 138, .box_w = 9, .box_h = 21, .ofs_x = 0, .ofs_y = -4},
    {.bitmap_index = 383, .adv_w = 195, .box_w = 11, .box_h = 16, .ofs_x = 1, .ofs_y = 0},
    {.bitmap_index = 418, .adv_w = 195, .box_w = 10, .box_h = 16, .ofs_x = 1, .ofs_y = 0},
    {.bitmap_index = 436, .adv_w = 195, .box_w = 12, .box_h = 16, .ofs_x = 0, .ofs_y = 0},
    {.bitmap_index = 476, .adv_w = 195, .box_w = 11, .box_h = 16, .ofs_x = 0, .ofs_y = 0},
    {.bitmap_index = 516, .adv_w = 195, .box_w = 12, .box_h = 16, .ofs_x = 0, .ofs_y = 0},
    {.bitmap_index = 550, .adv_w = 195, .box_w = 12, .box_h = 16, .ofs_x = 0, .ofs_y = 0},
    {.bitmap_index = 583, .adv_w = 195, .box_w = 11, .box_h = 16, .ofs_x = 1, .ofs_y = 0},
    {.bitmap_index = 626, .adv_w = 195, .box_w = 11, .box_h = 16, .ofs_x = 1, .ofs_y = 0},
    {.bitmap_index = 658, .adv_w = 195, .box_w = 11, .box_h = 16, .ofs_x = 1, .ofs_y = 0},
    {.bitmap_index = 699, .adv_w = 195, .box_w = 12, .box_h = 16, .ofs_x = 0, .ofs_y = 0},
    {.bitmap_index = 743, .adv_w = 98, .box_w = 4, .box_h = 12, .ofs_x = 1, .ofs_y = 0},
    {.bitmap_index = 754, .adv_w = 98, .box_w = 4, .box_h = 17, .ofs_x = 1, .ofs_y = -5},
    {.bitmap_index = 770, .adv_w = 195, .box_w = 12, .box_h = 10, .ofs_x = 0, .ofs_y = 3},
    {.bitmap_index = 797, .adv_w = 195, .box_w = 12, .box_h = 7, .ofs_x = 0, .ofs_y = 5},
    {.bitmap_index = 810, .adv_w = 195, .box_w = 12, .box_h = 10, .ofs_x = 0, .ofs_y = 3},
    {.bitmap_index = 837, .adv_w = 167, .box_w = 10, .box_h = 16, .ofs_x = 0, .ofs_y = 0},
    {.bitmap_index = 869, .adv_w = 333, .box_w = 19, .box_h = 20, .ofs_x = 1, .ofs_y = -4},
    {.bitmap_index = 955, .adv_w = 214, .box_w = 14, .box_h = 16, .ofs_x = 0, .ofs_y = 0},
    {.bitmap_index = 1004, .adv_w = 231, .box_w = 12, .box_h = 16, .ofs_x = 2, .ofs_y = 0},
    {.bitmap_index = 1042, .adv_w = 225, .box_w = 13, .box_h = 16, .ofs_x = 1, .ofs_y = 0},
    {.bitmap_index = 1084, .adv_w = 242, .box_w = 12, .box_h = 16, .ofs_x = 2, .ofs_y = 0},
    {.bitmap_index = 1122, .adv_w = 207, .box_w = 10, .box_h = 16, .ofs_x = 2, .ofs_y = 0},
    {.bitmap_index = 1143, .adv_w = 194, .box_w = 10, .box_h = 16, .ofs_x = 2, .ofs_y = 0},
    {.bitmap_index = 1160, .adv_w = 243, .box_w = 13, .box_h = 16, .ofs_x = 1, .ofs_y = 0},
    {.bitmap_index = 1207, .adv_w = 256, .box_w = 12, .box_h = 16, .ofs_x = 2, .ofs_y = 0},
    {.bitmap_index = 1221, .adv_w = 103, .box_w = 3, .box_h = 16, .ofs_x = 2, .ofs_y = 0},
    {.bitmap_index = 1225, .adv_w = 188, .box_w = 10, .box_h = 16, .ofs_x = 0, .ofs_y = 0},
    {.bitmap_index = 1241, .adv_w = 227, .box_w = 13, .box_h = 16, .ofs_x = 2, .ofs_y = 0},
    {.bitmap_index = 1284, .adv_w = 191, .box_w = 10, .box_h = 16, .ofs_x = 2, .ofs_y = 0},
    {.bitmap_index = 1294, .adv_w = 286, .box_w = 14, .box_h = 16, .ofs_x = 2, .ofs_y = 0},
    {.bitmap_index = 1342, .adv_w = 254, .box_w = 12, .box_h = 16, .ofs_x = 2, .ofs_y = 0},
    {.bitmap_index = 1379, .adv_w = 261, .box_w = 15, .box_h = 16, .ofs_x = 1, .ofs_y = 0},
    {.bitmap_index = 1429, .adv_w = 223, .box_w = 11, .box_h = 16, .ofs_x = 2, .ofs_y = 0},
    {.bitmap_index = 1457, .adv_w = 261, .box_w = 15, .box_h = 20, .ofs_x = 1, .ofs_y = -4},
    {.bitmap_index = 1523, .adv_w = 224, .box_w = 12, .box_h = 16, .ofs_x = 2, .ofs_y = 0},
    {.bitmap_index = 1563, .adv_w = 210, .box_w = 12, .box_h = 16, .ofs_x = 1, .ofs_y = 0},
    {.bitmap_index = 1604, .adv_w = 211, .box_w = 13, .box_h = 16, .ofs_x = 0, .ofs_y = 0},
    {.bitmap_index = 1620, .adv_w = 254, .box_w = 12, .box_h = 16, .ofs_x = 2, .ofs_y = 0},
    {.bitmap_index = 1645, .adv_w = 202, .box_w = 13, .box_h = 16, .ofs_x = 0, .ofs_y = 0},
    {.bitmap_index = 1689, .adv_w = 309, .box_w = 19, .box_h = 16, .ofs_x = 0, .ofs_y = 0},
    {.bitmap_index = 1758, .adv_w = 202, .box_w = 13, .box_h = 16, .ofs_x = 0, .ofs_y = 0},
    {.bitmap_index = 1806, .adv_w = 187, .box_w = 13, .box_h = 16, .ofs_x = -1, .ofs_y = 0},
    {.bitmap_index = 1840, .adv_w = 212, .box_w = 12, .box_h = 16, .ofs_x = 1, .ofs_y = 0},
    {.bitmap_index = 1879, .adv_w = 119, .box_w = 5, .box_h = 22, .ofs_x = 2, .ofs_y = -5},
    {.bitmap_index = 1890, .adv_w = 138, .box_w = 9, .box_h = 21, .ofs_x = 0, .ofs_y = -4},
    {.bitmap_index = 1927, .adv_w = 119, .box_w = 6, .box_h = 22, .ofs_x = 0, .ofs_y = -5},
    {.bitmap_index = 1938, .adv_w = 195, .box_w = 10, .box_h = 10, .ofs_x = 1, .ofs_y = 7},
    {.bitmap_index = 1962, .adv_w = 197, .box_w = 12, .box_h = 3, .ofs_x = 0, .ofs_y = -4},
    {.bitmap_index = 1969, .adv_w = 213, .box_w = 6, .box_h = 6, .ofs_x = 3, .ofs_y = 13},
    {.bitmap_index = 1978, .adv_w = 198, .box_w = 10, .box_h = 12, .ofs_x = 1, .ofs_y = 0},
    {.bitmap_index = 2009, .adv_w = 218, .box_w = 11, .box_h = 17, .ofs_x = 2, .ofs_y = 0},
    {.bitmap_index = 2041, .adv_w = 180, .box_w = 10, .box_h = 12, .ofs_x = 1, .ofs_y = 0},
    {.bitmap_index = 2068, .adv_w = 218, .box_w = 11, .box_h = 17, .ofs_x = 1, .ofs_y = 0},
    {.bitmap_index = 2101, .adv_w = 195, .box_w = 11, .box_h = 12, .ofs_x = 1, .ofs_y = 0},
    {.bitmap_index = 2132, .adv_w = 114, .box_w = 8, .box_h = 18, .ofs_x = 0, .ofs_y = 0},
    {.bitmap_index = 2152, .adv_w = 199, .box_w = 12, .box_h = 17, .ofs_x = 1, .ofs_y = -5},
    {.bitmap_index = 2199, .adv_w = 214, .box_w = 10, .box_h = 17, .ofs_x = 2, .ofs_y = 0},
    {.bitmap_index = 2217, .adv_w = 97, .box_w = 4, .box_h = 17, .ofs_x = 1, .ofs_y = 0},
    {.bitmap_index = 2226, .adv_w = 97, .box_w = 6, .box_h = 22, .ofs_x = -1, .ofs_y = -5},
    {.bitmap_index = 2242, .adv_w = 194, .box_w = 10, .box_h = 17, .ofs_x = 2, .ofs_y = 0},
    {.bitmap_index = 2271, .adv_w = 100, .box_w = 4, .box_h = 17, .ofs_x = 2, .ofs_y = 0},
    {.bitmap_index = 2276, .adv_w = 326, .box_w = 17, .box_h = 12, .ofs_x = 2, .ofs_y = 0},
    {.bitmap_index = 2304, .adv_w = 215, .box_w = 10, .box_h = 12, .ofs_x = 2, .ofs_y = 0},
    {.bitmap_index = 2320, .adv_w = 213, .box_w = 12, .box_h = 12, .ofs_x = 1, .ofs_y = 0},
    {.bitmap_index = 2352, .adv_w = 218, .box_w = 11, .box_h = 17, .ofs_x = 2, .ofs_y = -5},
    {.bitmap_index = 2385, .adv_w = 218, .box_w = 11, .box_h = 17, .ofs_x = 1, .ofs_y = -5},
    {.bitmap_index = 2419, .adv_w = 137, .box_w = 7, .box_h = 12, .ofs_x = 2, .ofs_y = 0},
    {.bitmap_index = 2430, .adv_w = 165, .box_w = 10, .box_h = 12, .ofs_x = 0, .ofs_y = 0},
    {.bitmap_index = 2458, .adv_w = 133, .box_w = 8, .box_h = 16, .ofs_x = 0, .ofs_y = 0},
    {.bitmap_index = 2479, .adv_w = 214, .box_w = 11, .box_h = 12, .ofs_x = 1, .ofs_y = 0},
    {.bitmap_index = 2495, .adv_w = 183, .box_w = 12, .box_h = 12, .ofs_x = 0, .ofs_y = 0},
    {.bitmap_index = 2528, .adv_w = 282, .box_w = 18, .box_h = 12, .ofs_x = 0, .ofs_y = 0},
    {.bitmap_index = 2580, .adv_w = 175, .box_w = 11, .box_h = 12, .ofs_x = 0, .ofs_y = 0},
    {.bitmap_index = 2611, .adv_w = 183, .box_w = 12, .box_h = 17, .ofs_x = 0, .ofs_y = -5},
    {.bitmap_index = 2656, .adv_w = 167, .box_w = 10, .box_h = 12, .ofs_x = 0, .ofs_y = 0},
    {.bitmap_index = 2683, .adv_w = 119, .box_w = 7, .box_h = 22, .ofs_x = 0, .ofs_y = -5},
    {.bitmap_index = 2711, .adv_w = 95, .box_w = 2, .box_h = 24, .ofs_x = 2, .ofs_y = -6},
    {.bitmap_index = 2715, .adv_w = 119, .box_w = 7, .box_h = 22, .ofs_x = 0, .ofs_y = -5},
    {.bitmap_index = 2736, .adv_w = 195, .box_w = 12, .box_h = 5, .ofs_x = 0, .ofs_y = 6},
    {.bitmap_index = 2751, .adv_w = 352, .box_w = 22, .box_h = 3, .ofs_x = 0, .ofs_y = 7},
    {.bitmap_index = 2761, .adv_w = 352, .box_w = 20, .box_h = 20, .ofs_x = 1, .ofs_y = -1},
    {.bitmap_index = 2792, .adv_w = 352, .box_w = 21, .box_h = 19, .ofs_x = 1, .ofs_y = -2},
    {.bitmap_index = 2857, .adv_w = 352, .box_w = 20, .box_h = 20, .ofs_x = 1, .ofs_y = -1},
    {.bitmap_index = 2911, .adv_w = 352, .box_w = 22, .box_h = 21, .ofs_x = 0, .ofs_y = -2},
    {.bitmap_index = 2994, .adv_w = 352, .box_w = 20, .box_h = 16, .ofs_x = 1, .ofs_y = 0},
    {.bitmap_index = 3020, .adv_w = 352, .box_w = 20, .box_h = 19, .ofs_x = 1, .ofs_y = -2},
    {.bitmap_index = 3059, .adv_w = 352, .box_w = 20, .box_h = 22, .ofs_x = 1, .ofs_y = -3},
    {.bitmap_index = 3143, .adv_w = 352, .box_w = 22, .box_h = 21, .ofs_x = 0, .ofs_y = -2},
    {.bitmap_index = 3234, .adv_w = 352, .box_w = 22, .box_h = 21, .ofs_x = 0, .ofs_y = -2},
    {.bitmap_index = 3322, .adv_w = 352, .box_w = 22, .box_h = 21, .ofs_x = 0, .ofs_y = -2},
    {.bitmap_index = 3414, .adv_w = 352, .box_w = 22, .box_h = 21, .ofs_x = 0, .ofs_y = -2},
    {.bitmap_index = 3485, .adv_w = 352, .box_w = 21, .box_h = 22, .ofs_x = 1, .ofs_y = -3},
    {.bitmap_index = 3572, .adv_w = 352, .box_w = 22, .box_h = 21, .ofs_x = 0, .ofs_y = -2},
    {.bitmap_index = 3657, .adv_w = 352, .box_w = 21, .box_h = 21, .ofs_x = 1, .ofs_y = -2},
    {.bitmap_index = 3736, .adv_w = 352, .box_w = 21, .box_h = 21, .ofs_x = 0, .ofs_y = -2},
    {.bitmap_index = 3824, .adv_w = 352, .box_w = 21, .box_h = 22, .ofs_x = 0, .ofs_y = -3},
    {.bitmap_index = 3910, .adv_w = 352, .box_w = 20, .box_h = 21, .ofs_x = 1, .ofs_y = -2},
    {.bitmap_index = 3978, .adv_w = 352, .box_w = 22, .box_h = 21, .ofs_x = 0, .ofs_y = -3},
    {.bitmap_index = 4080, .adv_w = 352, .box_w = 21, .box_h = 20, .ofs_x = 1, .ofs_y = -2},
    {.bitmap_index = 4167, .adv_w = 352, .box_w = 21, .box_h = 21, .ofs_x = 1, .ofs_y = -3},
    {.bitmap_index = 4244, .adv_w = 352, .box_w = 20, .box_h = 21, .ofs_x = 1, .ofs_y = -3},
    {.bitmap_index = 4321, .adv_w = 352, .box_w = 21, .box_h = 21, .ofs_x = 1, .ofs_y = -2},
    {.bitmap_index = 4399, .adv_w = 352, .box_w = 21, .box_h = 22, .ofs_x = 1, .ofs_y = -3},
    {.bitmap_index = 4496, .adv_w = 352, .box_w = 22, .box_h = 20, .ofs_x = 0, .ofs_y = -2},
    {.bitmap_index = 4580, .adv_w = 352, .box_w = 22, .box_h = 20, .ofs_x = 0, .ofs_y = -2},
    {.bitmap_index = 4662, .adv_w = 352, .box_w = 20, .box_h = 20, .ofs_x = 1, .ofs_y = -2},
    {.bitmap_index = 4712, .adv_w = 352, .box_w = 21, .box_h = 19, .ofs_x = 1, .ofs_y = -2},
    {.bitmap_index = 4781, .adv_w = 352, .box_w = 21, .box_h = 21, .ofs_x = 1, .ofs_y = -2},
    {.bitmap_index = 4870, .adv_w = 352, .box_w = 20, .box_h = 21, .ofs_x = 1, .ofs_y = -2},
    {.bitmap_index = 4947, .adv_w = 352, .box_w = 22, .box_h = 21, .ofs_x = 0, .ofs_y = -2},
    {.bitmap_index = 5030, .adv_w = 352, .box_w = 22, .box_h = 22, .ofs_x = 0, .ofs_y = -3},
    {.bitmap_index = 5129, .adv_w = 352, .box_w = 22, .box_h = 22, .ofs_x = 0, .ofs_y = -3},
    {.bitmap_index = 5216, .adv_w = 352, .box_w = 21, .box_h = 21, .ofs_x = 1, .ofs_y = -2},
    {.bitmap_index = 5305, .adv_w = 352, .box_w = 22, .box_h = 22, .ofs_x = 0, .ofs_y = -3},
    {.bitmap_index = 5403, .adv_w = 352, .box_w = 22, .box_h = 21, .ofs_x = 0, .ofs_y = -3},
    {.bitmap_index = 5471, .adv_w = 352, .box_w = 22, .box_h = 20, .ofs_x = 0, .ofs_y = -2},
    {.bitmap_index = 5563, .adv_w = 352, .box_w = 20, .box_h = 20, .ofs_x = 1, .ofs_y = -2},
    {.bitmap_index = 5615, .adv_w = 352, .box_w = 22, .box_h = 21, .ofs_x = 0, .ofs_y = -2},
    {.bitmap_index = 5700, .adv_w = 352, .box_w = 21, .box_h = 21, .ofs_x = 0, .ofs_y = -2},
    {.bitmap_index = 5790, .adv_w = 352, .box_w = 20, .box_h = 21, .ofs_x = 1, .ofs_y = -3},
    {.bitmap_index = 5857, .adv_w = 352, .box_w = 21, .box_h = 21, .ofs_x = 1, .ofs_y = -3},
    {.bitmap_index = 5949, .adv_w = 352, .box_w = 22, .box_h = 20, .ofs_x = 0, .ofs_y = -2},
    {.bitmap_index = 6034, .adv_w = 352, .box_w = 21, .box_h = 20, .ofs_x = 0, .ofs_y = -2},
    {.bitmap_index = 6110, .adv_w = 352, .box_w = 22, .box_h = 21, .ofs_x = 0, .ofs_y = -2},
    {.bitmap_index = 6198, .adv_w = 352, .box_w = 21, .box_h = 21, .ofs_x = 0, .ofs_y = -2},
    {.bitmap_index = 6285, .adv_w = 352, .box_w = 21, .box_h = 22, .ofs_x = 1, .ofs_y = -3},
    {.bitmap_index = 6386, .adv_w = 352, .box_w = 21, .box_h = 22, .ofs_x = 1, .ofs_y = -3},
    {.bitmap_index = 6490, .adv_w = 352, .box_w = 22, .box_h = 22, .ofs_x = 0, .ofs_y = -3},
    {.bitmap_index = 6572, .adv_w = 352, .box_w = 20, .box_h = 22, .ofs_x = 0, .ofs_y = -3},
    {.bitmap_index = 6638, .adv_w = 352, .box_w = 21, .box_h = 22, .ofs_x = 0, .ofs_y = -3},
    {.bitmap_index = 6743, .adv_w = 352, .box_w = 21, .box_h = 21, .ofs_x = 0, .ofs_y = -2},
    {.bitmap_index = 6828, .adv_w = 352, .box_w = 22, .box_h = 20, .ofs_x = 0, .ofs_y = -3},
    {.bitmap_index = 6906, .adv_w = 352, .box_w = 21, .box_h = 20, .ofs_x = 1, .ofs_y = -2},
    {.bitmap_index = 6962, .adv_w = 352, .box_w = 22, .box_h = 21, .ofs_x = 0, .ofs_y = -3},
    {.bitmap_index = 7050, .adv_w = 352, .box_w = 20, .box_h = 20, .ofs_x = 1, .ofs_y = -2},
    {.bitmap_index = 7124, .adv_w = 352, .box_w = 20, .box_h = 21, .ofs_x = 1, .ofs_y = -2},
    {.bitmap_index = 7211, .adv_w = 352, .box_w = 22, .box_h = 21, .ofs_x = 0, .ofs_y = -2},
    {.bitmap_index = 7286, .adv_w = 352, .box_w = 22, .box_h = 22, .ofs_x = 0, .ofs_y = -3},
    {.bitmap_index = 7375, .adv_w = 352, .box_w = 22, .box_h = 21, .ofs_x = 0, .ofs_y = -2},
    {.bitmap_index = 7471, .adv_w = 352, .box_w = 22, .box_h = 21, .ofs_x = 0, .ofs_y = -2},
    {.bitmap_index = 7544, .adv_w = 352, .box_w = 22, .box_h = 21, .ofs_x = 0, .ofs_y = -2},
    {.bitmap_index = 7638, .adv_w = 352, .box_w = 21, .box_h = 21, .ofs_x = 0, .ofs_y = -2},
    {.bitmap_index = 7727, .adv_w = 352, .box_w = 21, .box_h = 21, .ofs_x = 0, .ofs_y = -2},
    {.bitmap_index = 7827, .adv_w = 352, .box_w = 22, .box_h = 20, .ofs_x = 0, .ofs_y = -3},
    {.bitmap_index = 7901, .adv_w = 352, .box_w = 20, .box_h = 21, .ofs_x = 1, .ofs_y = -2},
    {.bitmap_index = 7968, .adv_w = 352, .box_w = 20, .box_h = 22, .ofs_x = 1, .ofs_y = -3},
    {.bitmap_index = 8056, .adv_w = 352, .box_w = 22, .box_h = 21, .ofs_x = 0, .ofs_y = -2},
    {.bitmap_index = 8145, .adv_w = 352, .box_w = 21, .box_h = 22, .ofs_x = 1, .ofs_y = -3},
    {.bitmap_index = 8236, .adv_w = 352, .box_w = 20, .box_h = 21, .ofs_x = 1, .ofs_y = -2},
    {.bitmap_index = 8327, .adv_w = 352, .box_w = 21, .box_h = 20, .ofs_x = 1, .ofs_y = -2},
    {.bitmap_index = 8410, .adv_w = 352, .box_w = 21, .box_h = 21, .ofs_x = 0, .ofs_y = -3},
    {.bitmap_index = 8495, .adv_w = 352, .box_w = 21, .box_h = 22, .ofs_x = 0, .ofs_y = -3},
    {.bitmap_index = 8598, .adv_w = 352, .box_w = 22, .box_h = 22, .ofs_x = 0, .ofs_y = -3},
    {.bitmap_index = 8690, .adv_w = 352, .box_w = 22, .box_h = 21, .ofs_x = 0, .ofs_y = -2},
    {.bitmap_index = 8793, .adv_w = 352, .box_w = 20, .box_h = 20, .ofs_x = 1, .ofs_y = -2},
    {.bitmap_index = 8872, .adv_w = 352, .box_w = 20, .box_h = 20, .ofs_x = 1, .ofs_y = -2},
    {.bitmap_index = 8948, .adv_w = 352, .box_w = 20, .box_h = 22, .ofs_x = 1, .ofs_y = -3},
    {.bitmap_index = 9037, .adv_w = 352, .box_w = 21, .box_h = 22, .ofs_x = 0, .ofs_y = -3},
    {.bitmap_index = 9121, .adv_w = 352, .box_w = 21, .box_h = 21, .ofs_x = 1, .ofs_y = -2},
    {.bitmap_index = 9217, .adv_w = 352, .box_w = 21, .box_h = 21, .ofs_x = 1, .ofs_y = -2},
    {.bitmap_index = 9301, .adv_w = 352, .box_w = 22, .box_h = 21, .ofs_x = 0, .ofs_y = -2},
    {.bitmap_index = 9404, .adv_w = 352, .box_w = 22, .box_h = 21, .ofs_x = 0, .ofs_y = -2},
    {.bitmap_index = 9498, .adv_w = 352, .box_w = 20, .box_h = 20, .ofs_x = 1, .ofs_y = -2},
    {.bitmap_index = 9581, .adv_w = 352, .box_w = 22, .box_h = 22, .ofs_x = 0, .ofs_y = -3},
    {.bitmap_index = 9679, .adv_w = 352, .box_w = 22, .box_h = 20, .ofs_x = 0, .ofs_y = -2},
    {.bitmap_index = 9771, .adv_w = 352, .box_w = 21, .box_h = 22, .ofs_x = 1, .ofs_y = -3},
    {.bitmap_index = 9865, .adv_w = 352, .box_w = 22, .box_h = 21, .ofs_x = 0, .ofs_y = -2},
    {.bitmap_index = 9943, .adv_w = 352, .box_w = 21, .box_h = 21, .ofs_x = 1, .ofs_y = -2},
    {.bitmap_index = 10034, .adv_w = 352, .box_w = 21, .box_h = 21, .ofs_x = 0, .ofs_y = -3},
    {.bitmap_index = 10128, .adv_w = 352, .box_w = 22, .box_h = 21, .ofs_x = 0, .ofs_y = -2},
    {.bitmap_index = 10225, .adv_w = 352, .box_w = 22, .box_h = 22, .ofs_x = 0, .ofs_y = -3},
    {.bitmap_index = 10328, .adv_w = 352, .box_w = 22, .box_h = 21, .ofs_x = 0, .ofs_y = -2},
    {.bitmap_index = 10429, .adv_w = 352, .box_w = 22, .box_h = 22, .ofs_x = 0, .ofs_y = -3},
    {.bitmap_index = 10526, .adv_w = 352, .box_w = 22, .box_h = 22, .ofs_x = 0, .ofs_y = -3},
    {.bitmap_index = 10629, .adv_w = 352, .box_w = 21, .box_h = 21, .ofs_x = 1, .ofs_y = -3},
    {.bitmap_index = 10714, .adv_w = 352, .box_w = 20, .box_h = 21, .ofs_x = 1, .ofs_y = -2},
    {.bitmap_index = 10796, .adv_w = 352, .box_w = 21, .box_h = 20, .ofs_x = 1, .ofs_y = -2},
    {.bitmap_index = 10872, .adv_w = 352, .box_w = 20, .box_h = 22, .ofs_x = 1, .ofs_y = -3},
    {.bitmap_index = 10957, .adv_w = 352, .box_w = 21, .box_h = 21, .ofs_x = 1, .ofs_y = -2},
    {.bitmap_index = 11042, .adv_w = 352, .box_w = 21, .box_h = 22, .ofs_x = 1, .ofs_y = -3},
    {.bitmap_index = 11143, .adv_w = 352, .box_w = 20, .box_h = 21, .ofs_x = 1, .ofs_y = -2},
    {.bitmap_index = 11214, .adv_w = 352, .box_w = 22, .box_h = 21, .ofs_x = 0, .ofs_y = -3}
};

/*---------------------
 *  CHARACTER MAPPING
 *--------------------*/

static const uint16_t unicode_list_1[] = {
    0x0, 0xa, 0xd, 0x3b, 0x5f, 0x8c, 0x8e, 0xae,
    0xca, 0x119, 0x11a, 0x134, 0x345, 0x365, 0x373, 0x374,
    0x49f, 0x555, 0x5d6, 0x638, 0x640, 0x67c, 0x6c8, 0x6e6,
    0x6ed, 0x868, 0x8de, 0xb29, 0xb31, 0xb47, 0xb4b, 0xb7d,
    0xd9a, 0xdc6, 0xdf9, 0xe0f, 0xe55, 0xff2, 0x1086, 0x10a6,
    0x1100, 0x1120, 0x11c3, 0x121d, 0x12c5, 0x12ca, 0x1410, 0x1411,
    0x1469, 0x146b, 0x15a5, 0x15cf, 0x17e0, 0x17e9, 0x182f, 0x1855,
    0x191b, 0x192a, 0x193a, 0x1d20, 0x1e14, 0x1ee3, 0x1f88, 0x20e1,
    0x25a9, 0x271f, 0x2884, 0x28ae, 0x2928, 0x2929, 0x293c, 0x2a01,
    0x2a6e, 0x2b5d, 0x30f4, 0x3151, 0x316e, 0x3203, 0x324a, 0x32fd,
    0x352b, 0x35dc, 0x3a68, 0x3b81, 0x3db6, 0x3dbe, 0x3dd5, 0x3ddd,
    0x3df7, 0x3e03, 0x3f25, 0x4193, 0x41d4, 0x41de, 0x41f7, 0x434d,
    0x43cd, 0x43cf, 0x47ed, 0x486a, 0x488f, 0x49f3, 0x4a98
};

/*Collect the unicode lists and glyph_id offsets*/
static const lv_font_fmt_txt_cmap_t cmaps[] =
{
    {
        .range_start = 32, .range_length = 95, .glyph_id_start = 1,
        .unicode_list = NULL, .glyph_id_ofs_list = NULL, .list_length = 0, .type = LV_FONT_FMT_TXT_CMAP_FORMAT0_TINY
    },
    {
        .range_start = 19968, .range_length = 19097, .glyph_id_start = 96,
        .unicode_list = unicode_list_1, .glyph_id_ofs_list = NULL, .list_length = 103, .type = LV_FONT_FMT_TXT_CMAP_SPARSE_TINY
    }
};

/*-----------------
 *    KERNING
 *----------------*/


/*Map glyph_ids to kern left classes*/
static const uint8_t kern_left_class_mapping[] =
{
    0, 0, 0, 1, 0, 0, 0, 0,
    1, 2, 0, 0, 0, 3, 4, 3,
    5, 0, 0, 0, 0, 0, 0, 0,
    0, 0, 0, 6, 6, 0, 0, 0,
    0, 0, 7, 8, 9, 10, 11, 12,
    13, 0, 0, 14, 15, 16, 0, 0,
    10, 17, 10, 18, 19, 20, 21, 22,
    23, 24, 25, 26, 2, 27, 0, 0,
    0, 0, 28, 29, 30, 0, 31, 32,
    33, 34, 0, 0, 35, 36, 34, 34,
    29, 29, 37, 38, 39, 40, 37, 41,
    42, 43, 44, 45, 2, 0, 0, 0,
    0, 0, 0, 0, 0, 0, 0, 0,
    0, 0, 0, 0, 0, 0, 0, 0,
    0, 0, 0, 0, 0, 0, 0, 0,
    0, 0, 0, 0, 0, 0, 0, 0,
    0, 0, 0, 0, 0, 0, 0, 0,
    0, 0, 0, 0, 0, 0, 0, 0,
    0, 0, 0, 0, 0, 0, 0, 0,
    0, 0, 0, 0, 0, 0, 0, 0,
    0, 0, 0, 0, 0, 0, 0, 0,
    0, 0, 0, 0, 0, 0, 0, 0,
    0, 0, 0, 0, 0, 0, 0, 0,
    0, 0, 0, 0, 0, 0, 0, 0,
    0, 0, 0, 0, 0, 0, 0
};

/*Map glyph_ids to kern right classes*/
static const uint8_t kern_right_class_mapping[] =
{
    0, 0, 1, 2, 0, 0, 0, 0,
    2, 0, 3, 4, 0, 5, 6, 7,
    8, 0, 0, 0, 0, 0, 0, 0,
    0, 0, 0, 9, 10, 0, 0, 0,
    11, 0, 12, 0, 13, 0, 0, 0,
    13, 0, 0, 14, 0, 0, 0, 0,
    13, 0, 13, 0, 15, 16, 17, 18,
    19, 20, 21, 22, 0, 23, 3, 0,
    0, 0, 24, 0, 25, 25, 25, 26,
    27, 0, 28, 29, 0, 0, 30, 30,
    25, 30, 25, 30, 31, 32, 33, 34,
    35, 36, 37, 38, 0, 0, 3, 0,
    0, 0, 0, 0, 0, 0, 0, 0,
    0, 0, 0, 0, 0, 0, 0, 0,
    0, 0, 0, 0, 0, 0, 0, 0,
    0, 0, 0, 0, 0, 0, 0, 0,
    0, 0, 0, 0, 0, 0, 0, 0,
    0, 0, 0, 0, 0, 0, 0, 0,
    0, 0, 0, 0, 0, 0, 0, 0,
    0, 0, 0, 0, 0, 0, 0, 0,
    0, 0, 0, 0, 0, 0, 0, 0,
    0, 0, 0, 0, 0, 0, 0, 0,
    0, 0, 0, 0, 0, 0, 0, 0,
    0, 0, 0, 0, 0, 0, 0, 0,
    0, 0, 0, 0, 0, 0, 0
};

/*Kern values between classes*/
static const int8_t kern_class_values[] =
{
    0, 0, 0, 0, -45, 0, -45, 0,
    0, 0, 0, -21, 0, -37, -4, 0,
    0, 0, 0, -4, 0, 0, 0, 0,
    -12, 0, 0, 0, 0, 0, -8, 0,
    0, 0, 0, 0, 0, 0, 0, 0,
    0, 0, 0, 0, 0, 0, 0, 0,
    0, 0, 0, -8, 0, 0, 0, 0,
    0, 0, 0, 0, 0, 0, 0, 0,
    0, 0, 31, 0, 0, 0, 0, 0,
    0, 0, 0, 0, 0, -38, 0, -54,
    0, 0, 0, 0, 0, 0, 0, 0,
    0, 0, 0, -39, -8, -26, -13, 0,
    -36, 0, 0, 0, -5, 0, 0, 0,
    10, 0, 0, -18, 0, -13, -9, 0,
    -8, 0, 0, 0, 0, 0, 0, 0,
    0, 0, 0, 0, 0, 0, 0, -8,
    -7, -19, 0, -7, -4, -11, -26, -8,
    0, 0, 0, 0, 0, 0, 0, 0,
    0, -10, 0, -3, 0, -5, 0, 0,
    0, 0, 0, 0, 0, 0, 0, 0,
    0, 0, 0, -16, -4, -31, 0, 0,
    0, 0, 0, 0, 0, 0, 0, -10,
    -12, 0, -4, 10, 10, 0, 0, 4,
    -8, 0, 0, 0, 0, 0, 0, 0,
    0, -19, 0, 0, 0, 0, 0, 0,
    0, 0, 0, 0, 0, 0, 0, 0,
    0, 0, -10, 0, 0, 0, 0, 0,
    0, 0, 1, 0, 0, 0, 0, 0,
    0, 0, 0, 0, 0, -21, 0, -37,
    0, 0, 0, 0, 0, 0, -10, -2,
    -4, 0, 0, -21, -6, -5, 0, 1,
    -5, -3, -16, 9, 0, -4, 0, 0,
    0, 0, 9, -5, -2, -3, -1, -1,
    -3, 0, 0, 0, 0, -12, 0, 0,
    0, 0, 0, 0, 0, 0, 0, -6,
    -5, -10, 0, -2, -1, -1, -5, -1,
    0, 0, 0, 0, 0, 0, 0, 0,
    0, -4, 0, -5, -4, -4, -5, 0,
    0, 0, 0, 0, 0, -10, 0, 0,
    0, 0, 0, 0, -11, -4, -10, -7,
    -5, -1, -1, -1, -3, -4, 0, 0,
    0, 0, -8, 0, 0, 0, 0, -11,
    -4, -5, -4, 0, -5, 0, 0, 0,
    0, -13, 0, 0, 0, -7, 0, 0,
    0, -4, 0, -15, 0, -10, 0, -4,
    -2, -7, -8, -8, 0, 0, 0, 0,
    0, 0, 0, 0, 0, 0, 0, 0,
    0, -5, 0, -3, 0, 0, 0, 0,
    0, 0, 0, 0, 0, 0, 0, 0,
    0, 0, 0, 0, 0, 0, 0, 0,
    0, 0, 0, 0, -4, 0, 0, 0,
    0, 0, 0, -10, 0, -4, 0, -12,
    -4, 0, 0, 0, 0, 0, -29, 0,
    -29, -27, 0, 0, 0, -15, -4, -55,
    -8, 0, 0, 1, 1, -10, 0, -12,
    0, -13, -5, 0, -10, 0, 0, -8,
    -8, -4, -6, -8, -6, -10, -6, -12,
    0, 0, 0, -11, 0, 0, 0, 0,
    0, 0, 0, -1, 0, 0, 0, -8,
    0, -5, -1, 0, 0, 0, 0, 0,
    0, 0, 0, 0, 0, 0, 0, 0,
    0, 0, 0, 0, 0, 0, 0, 0,
    0, 0, -10, 0, -10, 0, 0, 0,
    0, 0, 0, -16, 0, 0, 0, 0,
    0, 0, 0, 0, 0, 0, 0, 0,
    0, 0, 0, 0, 0, 0, 0, 0,
    0, 0, 0, 0, 0, -8, 0, -16,
    0, -12, 0, 0, 0, 0, -3, -4,
    -8, 0, -4, -7, -5, -5, -4, 0,
    -6, 0, 0, 0, -3, 0, 0, 0,
    -4, 0, 0, -13, -6, -8, -6, -6,
    -8, -5, 0, -35, 0, -60, 0, -21,
    0, 0, 0, 0, -13, 1, -10, 0,
    -9, -47, -11, -30, -22, 0, -30, 0,
    -31, 0, -5, -5, -1, 0, 0, 0,
    0, -8, -4, -14, -13, 0, -14, 0,
    0, 0, 0, 0, -44, -13, -44, -30,
    0, 0, 0, -20, 0, -58, -4, -10,
    0, 0, 0, -10, -4, -31, 0, -17,
    -10, 0, -12, 0, 0, 0, -4, 0,
    0, 0, 0, -5, 0, -8, 0, 0,
    0, -4, 0, -12, 0, 0, 0, 0,
    0, -1, 0, -7, -5, -5, 0, 2,
    2, -1, 0, -4, 0, -1, -4, 0,
    -1, 0, 0, 0, 0, 0, 0, 0,
    0, -3, 0, -3, 0, 0, 0, -6,
    0, 5, 0, 0, 0, 0, 0, 0,
    0, -5, -5, -8, 0, 0, 0, 0,
    -5, 0, 0, 0, 0, 0, 0, 0,
    0, 0, 0, -10, 0, 0, 0, 0,
    0, 0, 0, 0, 0, 0, -42, -29,
    -42, -35, -8, -8, 0, -16, -10, -50,
    -15, 0, 0, 0, 0, -8, -5, -21,
    0, -29, -26, -7, -29, 0, 0, -18,
    -23, -7, -18, -13, -13, -15, -13, -30,
    0, 0, 0, 0, -6, 0, -6, -12,
    0, 0, 0, -6, 0, -19, -4, 0,
    0, -1, 0, -4, -5, 0, 0, -1,
    0, 0, -4, 0, 0, 0, -1, 0,
    0, 0, 0, -3, 0, 0, 0, 0,
    0, 0, -26, -7, -26, -18, 0, 0,
    0, -5, -4, -29, -4, 0, -4, 4,
    0, 0, 0, -7, 0, -9, -6, 0,
    -8, 0, 0, -8, -5, 0, -12, -4,
    -4, -6, -4, -10, 0, 0, 0, 0,
    -13, -4, -13, -12, 0, 0, 0, 0,
    -2, -26, -2, 0, 0, 0, 0, 0,
    0, -2, 0, -6, 0, 0, -5, 0,
    0, 0, 0, 0, 0, 0, 0, 0,
    0, -4, 0, -4, 0, -4, 0, -11,
    0, 0, 0, 0, 0, 1, -7, 0,
    -5, -8, -4, 0, 0, 0, 0, 0,
    0, -4, -3, -6, 0, 0, 0, 0,
    0, -6, -4, -6, -5, -4, -6, -5,
    0, 0, 0, 0, -36, -26, -36, -26,
    -10, -10, -3, -5, -5, -39, -6, -5,
    -4, 0, 0, 0, 0, -10, 0, -26,
    -16, 0, -24, 0, 0, -16, -16, -11,
    -13, -5, -10, -13, -5, -19, 0, 0,
    0, 0, 0, -13, 0, 0, 0, 0,
    0, -2, -8, -13, -12, 0, -4, -2,
    -2, 0, -5, -6, 0, -6, -8, -8,
    -6, 0, 0, 0, 0, -5, -9, -6,
    -6, -10, -6, 0, 0, 0, 0, 0,
    0, 0, 0, 0, 0, 0, 0, 0,
    0, 0, 0, -34, -12, -21, -12, 0,
    -29, 0, 0, 0, 0, 0, 13, 0,
    29, 0, 0, 0, 0, -8, -4, 0,
    5, 0, 0, 0, 0, -21, 0, 0,
    0, 0, 0, 0, -5, 0, 0, 0,
    0, -10, 0, -6, -1, 0, -10, 0,
    0, 0, 0, 0, 0, 0, 0, 0,
    0, -5, 0, 0, 0, 0, 0, 0,
    0, -12, 0, -10, -4, 2, -4, 0,
    0, 0, -5, 0, 0, 0, 0, -23,
    0, -7, 0, -1, -18, 0, -10, -6,
    0, 0, 0, 0, 0, 0, 0, -7,
    0, -1, -1, -7, -1, -2, 0, 0,
    0, 0, 0, -8, 0, 0, 0, 0,
    0, 0, 0, 0, 0, -8, 0, -5,
    0, 0, -10, 0, 0, -4, -8, 0,
    -4, 0, 0, 0, 0, -4, 0, 2,
    2, 3, 2, 0, 0, 0, 0, -13,
    0, 4, 0, 0, 0, 0, -3, 0,
    0, -8, -8, -10, 0, -6, -4, 0,
    -10, 0, -8, -6, 0, 0, -4, 0,
    0, 0, 0, -4, 0, 2, 2, -3,
    2, 0, 6, 16, 19, 0, -20, -5,
    -20, -6, 0, 0, 10, 0, 0, 0,
    0, 18, 0, 26, 18, 13, 23, 0,
    25, -8, -4, 0, -6, 0, -4, 0,
    -1, 0, 0, 5, 0, -1, 0, -5,
    0, 0, 6, -13, 0, 0, 0, 19,
    0, 0, -14, 0, 0, 0, 0, -10,
    0, 0, 0, 0, -5, 0, 0, -6,
    -5, 0, 0, 0, 14, 0, 0, 0,
    0, -1, -1, 0, 6, -5, 0, 0,
    0, -13, 0, 0, 0, 0, 0, 0,
    -3, 0, 0, 0, 0, -10, 0, -4,
    0, 0, -6, 0, 0, 0, 0, 0,
    0, 0, 0, 0, 0, 0, 0, 0,
    0, 0, 0, 0, 0, 0, 0, -8,
    5, -17, 5, 0, 5, 5, -5, 0,
    0, 0, 0, -14, 0, 0, 0, 0,
    -5, 0, 0, -4, -7, 0, -4, 0,
    -4, 0, 0, -8, -5, 0, 0, -3,
    0, -3, 0, 0, 0, 0, 0, 0,
    0, 0, 0, 0, 0, 0, 0, 0,
    0, 0, 0, 0, 0, 0, 0, 0,
    0, 0, 0, 0, 0, 0, 3, 0,
    0, 0, 0, 0, 0, 0, 0, 0,
    0, 0, 0, -10, 0, 0, 0, 0,
    0, 0, 0, 0, 0, 0, 0, -8,
    0, -5, 0, 0, -12, 0, 0, 0,
    0, 0, 0, 0, 0, 0, 0, 0,
    0, 0, 0, 0, 0, 0, 0, 0,
    0, 0, -22, -10, -22, -13, 10, 10,
    0, -5, 0, -21, 0, 0, 0, 0,
    0, 0, 0, -4, 5, -10, -4, 0,
    -4, 0, 0, 0, -1, 0, 0, 10,
    7, 0, 10, -1, 0, 0, 0, -19,
    0, 4, 0, 0, 0, 0, -4, 0,
    0, 0, 0, -10, 0, -4, 0, 0,
    -8, 0, 0, 0, 0, 0, 0, 0,
    0, 0, 0, -8, 0, 0, 0, 0,
    0, 0, 0, 0, 0, 0, 2, -10,
    2, 4, 6, 6, -10, 0, 0, 0,
    0, -5, 0, 0, 0, 0, -1, 0,
    0, -8, -5, 0, -4, 0, 0, 0,
    -4, -8, 0, 0, 0, -6, 0, 0,
    0, 0, 0, -5, -13, -3, -13, -8,
    0, 0, 0, -5, 0, -16, 0, -8,
    0, -4, 0, 0, -5, -4, 0, -8,
    -1, 0, 0, 0, -4, 0, 0, 0,
    0, 0, 0, 0, 0, -10, 0, 0,
    0, -5, -16, 0, -16, -3, 0, 0,
    0, -1, 0, -12, 0, -10, 0, -4,
    0, -5, -10, 0, 0, -4, -1, 0,
    0, 0, -4, 0, 0, 0, 0, 0,
    0, 0, 0, -7, -5, 0, 0, -9,
    3, -5, -3, 0, 0, 3, 0, 0,
    -4, 0, -1, -13, 0, -6, 0, -4,
    -13, 0, 0, -4, -7, 0, 0, 0,
    0, 0, 0, -10, 0, 0, 0, 0,
    0, 0, 0, 0, 0, 0, -13, 0,
    -13, -6, 0, 0, 0, 0, 0, -16,
    0, -8, 0, -1, 0, -1, -3, 0,
    0, -8, -1, 0, 0, 0, -4, 0,
    0, 0, 0, 0, 0, -5, 0, -10,
    0, 0, 0, 0, 0, -6, 0, 0,
    0, 0, 0, 0, 0, 0, 0, -10,
    0, 0, 0, 0, -12, 0, 0, -9,
    -4, 0, -2, 0, 0, 0, 0, 0,
    -4, -1, 0, 0, -1, 0
};


/*Collect the kern class' data in one place*/
static const lv_font_fmt_txt_kern_classes_t kern_classes =
{
    .class_pair_values   = kern_class_values,
    .left_class_mapping  = kern_left_class_mapping,
    .right_class_mapping = kern_right_class_mapping,
    .left_class_cnt      = 45,
    .right_class_cnt     = 38,
};

/*--------------------
 *  ALL CUSTOM DATA
 *--------------------*/

#if LVGL_VERSION_MAJOR == 8
/*Store all the custom data of the font*/
static  lv_font_fmt_txt_glyph_cache_t cache;
#endif

#if LVGL_VERSION_MAJOR >= 8
static const lv_font_fmt_txt_dsc_t font_dsc = {
#else
static lv_font_fmt_txt_dsc_t font_dsc = {
#endif
    .glyph_bitmap = glyph_bitmap,
    .glyph_dsc = glyph_dsc,
    .cmaps = cmaps,
    .kern_dsc = &kern_classes,
    .kern_scale = 16,
    .cmap_num = 2,
    .bpp = 2,
    .kern_classes = 1,
    .bitmap_format = 1,
#if LVGL_VERSION_MAJOR == 8
    .cache = &cache
#endif
};



/*-----------------
 *  PUBLIC FONT
 *----------------*/

/*Initialize a public general font descriptor*/
#if LVGL_VERSION_MAJOR >= 8
const lv_font_t font_zh_22 = {
#else
lv_font_t font_zh_22 = {
#endif
    .get_glyph_dsc = lv_font_get_glyph_dsc_fmt_txt,    /*Function pointer to get glyph's data*/
    .get_glyph_bitmap = lv_font_get_bitmap_fmt_txt,    /*Function pointer to get glyph's bitmap*/
    .line_height = 25,          /*The maximum line height required by the font*/
    .base_line = 6,             /*Baseline measured from the bottom of the line*/
#if !(LVGL_VERSION_MAJOR == 6 && LVGL_VERSION_MINOR == 0)
    .subpx = LV_FONT_SUBPX_NONE,
#endif
#if LV_VERSION_CHECK(7, 4, 0) || LVGL_VERSION_MAJOR >= 8
    .underline_position = -3,
    .underline_thickness = 1,
#endif
    .dsc = &font_dsc,          /*The custom font data. Will be accessed by `get_glyph_bitmap/dsc` */
#if LV_VERSION_CHECK(8, 2, 0) || LVGL_VERSION_MAJOR >= 9
    .fallback = NULL,
#endif
    .user_data = NULL,
};



#endif /*#if FONT_ZH_22*/

